zip,annualweeksworked,birthyear,highesteducationyear,initialcredentialyear,numberyearspracticewashington,numberyearsprimarypracticelocation,paidhourspatientcareinstate,activecredentialotherstate_1.0,communicateotherlanguage_1.0,highesteducationonline_1.0,sex_Male,sex_Other,workstatus_1.0,credentialtype_variation,credentialtype_total_entries,credentialtype_var_by_total,primarypracticesetting_variation,primarypracticesetting_total_entries,primarypracticesetting_var_by_total,race_variation,race_total_entries,race_var_by_total,target
01752,50.0,1994.0,2019.0,2019.0,1.0,1.0,24.471768741534547,2.0,0.0,0,0.0,0.0,2.0,2,2,1.0,1,2,0.5,1,2,0.5,0.0176991150442477
02109,50.25,1974.5,2004.5,2007.5,3.5,4.25,12.5,4.0,0.0,0,1.0,0.0,4.0,1,4,0.25,2,4,0.5,1,4,0.25,0.0088495575221238
02139,0.0,1960.0,1991.0,1991.0,0.0,3.0,24.471768741534547,0.0,0.0,0,0.0,0.0,1.0,1,1,1.0,1,1,1.0,1,1,1.0,0.0265486725663716
02142,48.0,1985.0,2009.0,2009.0,0.0,7.0,0.0,1.0,0.0,0,0.0,0.0,1.0,1,1,1.0,1,1,1.0,1,1,1.0,0.0176991150442477
02370,48.0,1991.0,2016.0,2017.0,1.0,1.0,24.471768741534547,2.0,0.0,0,0.0,0.0,2.0,2,2,1.0,1,2,0.5,1,2,0.5,0.0088495575221238
07083,50.0,1971.0,1993.0,1993.0,1.0,25.0,40.0,1.0,0.0,0,1.0,0.0,1.0,1,1,1.0,1,1,1.0,1,1,1.0,0.0088495575221238
08540,52.0,1979.0,2002.0,2005.0,10.0,3.0,24.471768741534547,1.0,1.0,0,0.0,0.0,1.0,1,1,1.0,1,1,1.0,1,1,1.0,0.0176991150442477
10017,51.333333333333336,1979.3333333333333,2007.3333333333333,2012.0,2.0,7.0,0.0,3.0,2.0,0,3.0,0.0,3.0,3,3,1.0,2,3,0.6666666666666666,1,3,0.3333333333333333,0.1592920353982301
10022,48.5,1968.3333333333333,2005.5,2006.3333333333333,9.0,4.0,30.2,6.0,1.0,0,1.0,0.0,6.0,3,6,0.5,4,6,0.6666666666666666,1,6,0.16666666666666666,0.0088495575221238
10025,25.0,1958.0,1981.0,2003.0,5.789278675655016,4.0,25.0,1.0,1.0,0,1.0,0.0,1.0,1,1,1.0,1,1,1.0,1,1,1.0,0.0088495575221238
13057,48.0,1975.8428553537046,2006.8858345214273,2015.0,2.0,1.0,24.471768741534547,2.0,0.0,0,0.0,0.0,2.0,2,2,1.0,1,2,0.5,0,2,0.0,0.0088495575221238
19020,0.0,1989.0,2015.0,2015.0,5.0,0.0,24.471768741534547,2.0,0.0,0,0.0,0.0,2.0,2,2,1.0,0,2,0.0,1,2,0.5,0.0088495575221238
19341,25.0,1970.0,2001.0,1999.0,2.5,3.5,22.5,2.0,0.0,0,2.0,0.0,2.0,1,2,0.5,1,2,0.5,1,2,0.5,0.0265486725663716
20003,40.0,1983.0,2016.0,2007.0,3.0,9.0,24.471768741534547,2.0,2.0,0,2.0,0.0,2.0,2,2,1.0,1,2,0.5,1,2,0.5,0.0088495575221238
20036,49.0,1972.0,2003.0,2003.0,5.0,2.5,24.471768741534547,2.0,0.0,0,0.0,0.0,2.0,1,2,0.5,1,2,0.5,1,2,0.5,0.0088495575221238
20037,50.0,1972.0,2010.0,2013.0,5.0,1.0,24.471768741534547,1.0,1.0,0,0.0,0.0,1.0,1,1,1.0,1,1,1.0,1,1,1.0,0.0088495575221238
20850,23.571428571428573,1973.0,1999.857142857143,1999.0,0.0,10.571428571428571,34.666666666666664,7.0,0.0,0,6.0,0.0,7.0,3,7,0.42857142857142855,2,7,0.2857142857142857,2,7,0.2857142857142857,0.0088495575221238
21201,17.0,1970.3333333333333,2011.6666666666667,2005.3333333333333,0.0,2.6666666666666665,24.471768741534547,3.0,1.0,1,0.0,0.0,3.0,2,3,0.6666666666666666,3,3,1.0,1,3,0.3333333333333333,0.0088495575221238
23060,50.0,1971.0,2004.0,2020.0,1.0,1.0,15.0,1.0,0.0,0,0.0,0.0,1.0,1,1,1.0,1,1,1.0,1,1,1.0,0.0088495575221238
23235,15.0,1969.3333333333333,2005.6666666666667,2005.6666666666667,0.3333333333333333,4.333333333333333,0.0,2.0,2.0,0,0.0,0.0,2.0,2,3,0.6666666666666666,2,3,0.6666666666666666,1,3,0.3333333333333333,0.0088495575221238
27607,50.0,1991.0,2019.0,2019.0,5.789278675655016,1.0,24.471768741534547,0.0,0.0,0,0.0,0.0,1.0,1,1,1.0,1,1,1.0,1,1,1.0,0.0088495575221238
30024,0.0,1989.0,2013.0,2021.0,0.0,9.0,24.471768741534547,1.0,1.0,0,0.0,0.0,1.0,1,1,1.0,1,1,1.0,1,1,1.0,0.0088495575221238
30096,37.666666666666664,1971.3333333333333,2001.0,1999.5,0.6666666666666666,4.166666666666667,4.25,5.0,4.0,0,1.0,0.0,6.0,4,6,0.6666666666666666,4,6,0.6666666666666666,2,6,0.3333333333333333,0.0088495575221238
32809,46.0,1964.0,1988.0,1988.0,0.0,15.0,0.0,1.0,0.0,0,1.0,0.0,1.0,1,1,1.0,1,1,1.0,1,1,1.0,0.0088495575221238
33132,50.0,1968.0,1997.0,1995.0,2.0,16.0,50.0,1.0,0.0,0,1.0,0.0,1.0,1,1,1.0,1,1,1.0,1,1,1.0,0.0088495575221238
37027,36.0,1978.0,2008.0,2008.0,16.0,1.0,24.471768741534547,1.0,0.0,0,0.0,0.0,1.0,1,1,1.0,1,1,1.0,1,1,1.0,0.0176991150442477
38301,12.0,1977.0,2014.0,2011.0,3.0,0.0,24.471768741534547,1.0,0.0,0,0.0,1.0,1.0,1,1,1.0,1,1,1.0,1,1,1.0,0.0442477876106194
40202,43.0,1970.5,2003.0,1997.5,2.75,3.25,0.0,4.0,2.0,0,2.0,0.0,4.0,3,4,0.75,2,4,0.5,1,4,0.25,0.0088495575221238
53188,50.0,1967.0,2013.0,2012.0,0.0,12.0,0.0,1.0,0.0,0,1.0,0.0,1.0,1,1,1.0,1,1,1.0,1,1,1.0,0.0088495575221238
53719,40.0,1991.0,2013.0,2013.0,1.0,1.0,24.471768741534547,1.0,0.0,0,0.0,0.0,1.0,1,1,1.0,1,1,1.0,1,1,1.0,0.0088495575221238
55125,50.0,1963.0,1995.0,1997.0,12.0,2.0,24.471768741534547,1.0,0.0,0,0.0,0.0,1.0,1,1,1.0,1,1,1.0,1,1,1.0,0.0088495575221238
55344,44.3,1970.4,2010.5,2003.9,4.9,5.3,1.1111111111111112,10.0,0.0,0,3.0,0.0,10.0,2,10,0.2,2,10,0.2,2,10,0.2,0.0265486725663716
58103,45.0,1971.0,1997.0,1997.0,1.0,3.0,0.0,1.0,0.0,0,1.0,0.0,1.0,1,1,1.0,1,1,1.0,1,1,1.0,0.0088495575221238
60015,15.0,1975.8428553537046,2009.0,2020.0,1.0,5.0,24.471768741534547,1.0,1.0,0,0.0,0.0,1.0,1,1,1.0,1,1,1.0,1,1,1.0,0.0265486725663716
60026,48.0,1989.0,2014.0,2015.0,1.0,0.0,40.0,2.0,2.0,0,2.0,0.0,2.0,2,2,1.0,1,2,0.5,1,2,0.5,0.0265486725663716
60062,40.0,1997.0,2019.0,2018.0,2.0,1.0,0.0,1.0,1.0,0,0.0,0.0,1.0,1,1,1.0,1,1,1.0,1,1,1.0,0.0265486725663716
63121,48.0,1981.0,2006.0,2006.0,7.0,14.0,24.471768741534547,1.0,0.0,0,1.0,0.0,1.0,1,1,1.0,0,1,0.0,1,1,1.0,0.3451327433628318
75019,34.5,1989.5,2014.5,2014.5,0.25,2.5,0.0,2.0,0.0,0,0.0,0.0,2.0,2,2,1.0,2,2,1.0,2,2,1.0,0.0265486725663716
75080,48.0,1989.0,2014.0,2014.0,0.0,8.0,18.0,1.0,0.0,0,0.0,0.0,1.0,1,1,1.0,1,1,1.0,1,1,1.0,0.0088495575221238
76548,50.0,1988.0,2012.0,2012.0,8.0,1.0,0.0,1.0,0.0,0,0.0,0.0,1.0,1,1,1.0,1,1,1.0,1,1,1.0,0.0088495575221238
78238,49.0,1976.0,2010.0,2010.0,2.0,1.5,24.471768741534547,2.0,2.0,0,2.0,0.0,2.0,1,2,0.5,1,2,0.5,1,2,0.5,0.0088495575221238
78746,50.0,1986.0,2019.0,2017.0,0.0,2.0,24.471768741534547,1.0,0.0,0,1.0,0.0,1.0,1,1,1.0,1,1,1.0,1,1,1.0,0.0176991150442477
78759,17.666666666666668,1984.5,2013.0,2015.6666666666667,0.3333333333333333,3.6666666666666665,2.0,3.0,1.0,0,0.0,0.0,3.0,2,3,0.6666666666666666,2,3,0.6666666666666666,2,3,0.6666666666666666,0.0088495575221238
80111,52.0,1989.0,2013.0,2013.0,2.0,3.0,20.0,1.0,0.0,0,1.0,0.0,1.0,1,1,1.0,1,1,1.0,1,1,1.0,0.0265486725663716
80112,44.0,1982.8,2011.2,2011.2,0.8,0.6,5.0,5.0,1.0,0,1.0,0.0,5.0,3,5,0.6,3,5,0.6,1,5,0.2,0.0088495575221238
80202,50.0,1987.0,2020.0,2020.0,0.0,2.0,39.0,1.0,0.0,0,1.0,0.0,1.0,1,1,1.0,1,1,1.0,1,1,1.0,0.0088495575221238
80907,50.0,1972.0,2012.0,2008.0,0.0,1.0,24.471768741534547,1.0,0.0,1,0.0,0.0,1.0,1,1,1.0,1,1,1.0,1,1,1.0,0.0088495575221238
83501,44.526785714285715,1975.2636363636364,2004.76,2005.6173913043478,9.208715596330276,8.015217391304347,18.86764705882353,104.0,9.0,8,41.0,1.0,116.0,26,116,0.22413793103448276,42,116,0.3620689655172414,3,116,0.02586206896551724,0.0088495575221238
83616,47.75,1981.0,2009.0,2005.25,6.75,0.5,26.666666666666668,4.0,2.0,0,0.0,0.0,4.0,3,4,0.75,2,4,0.5,1,4,0.25,0.247787610619469
83642,49.526315789473685,1980.1052631578948,2007.3333333333333,2007.8947368421052,6.631578947368421,2.526315789473684,14.5,18.0,5.0,0,7.0,0.0,19.0,6,19,0.3157894736842105,9,19,0.47368421052631576,3,19,0.15789473684210525,0.0088495575221238
83704,49.0,1974.2,2008.6,2009.2,4.4,4.6,23.0,5.0,1.0,1,2.0,0.0,5.0,4,5,0.8,5,5,1.0,3,5,0.6,0.0530973451327433
83814,43.37062937062937,1975.836879432624,2007.0153846153846,2006.5174825174824,5.114285714285714,4.556338028169014,20.133333333333333,136.0,19.0,1,58.0,0.0,144.0,25,144,0.1736111111111111,47,144,0.3263888888888889,6,144,0.041666666666666664,0.0265486725663716
83835,47.5,1978.6,2010.6153846153845,2009.5,5.173913043478261,5.5,21.727272727272727,22.0,2.0,0,10.0,0.0,26.0,10,26,0.38461538461538464,10,26,0.38461538461538464,1,26,0.038461538461538464,0.0353982300884955
83854,43.25333333333333,1978.5333333333333,2009.3484848484848,2009.3333333333333,4.92,3.88,20.17142857142857,71.0,18.0,4,27.0,0.0,75.0,22,75,0.29333333333333333,27,75,0.36,3,75,0.04,0.0088495575221238
84020,40.96191643313034,1975.8428553537046,2006.8858345214273,2016.0,1.0,2.0,24.471768741534547,0.0,0.0,0,0.0,0.0,1.0,1,1,1.0,1,1,1.0,0,1,0.0,0.0176991150442477
85004,25.0,1971.5,2006.0,2006.5,0.5,1.5,80.0,2.0,1.0,0,1.0,0.0,2.0,2,2,1.0,2,2,1.0,1,2,0.5,0.0088495575221238
85016,32.44444444444444,1972.125,2003.888888888889,2000.25,2.375,10.555555555555555,26.0,8.0,3.0,1,4.0,0.0,9.0,5,9,0.5555555555555556,6,9,0.6666666666666666,3,9,0.3333333333333333,0.0176991150442477
85210,50.0,1981.0,2017.5,2018.0,0.5,1.5,20.0,1.0,1.0,0,0.0,0.0,2.0,2,2,1.0,1,2,0.5,1,2,0.5,0.0530973451327433
85259,7.0,1942.0,1971.0,1971.0,37.0,1.0,24.471768741534547,1.0,0.0,0,1.0,0.0,1.0,1,1,1.0,1,1,1.0,1,1,1.0,0.0176991150442477
85614,48.0,1957.0,2000.0,2001.0,2.0,1.0,20.0,1.0,0.0,0,0.0,0.0,1.0,1,1,1.0,1,1,1.0,1,1,1.0,0.0088495575221238
85711,45.0,1969.5,2008.0,2010.5,0.0,1.5,4.0,2.0,0.0,0,1.0,0.0,2.0,2,2,1.0,2,2,1.0,1,2,0.5,0.0088495575221238
85756,50.0,1983.0,2014.0,2017.0,5.789278675655016,4.0,24.471768741534547,0.0,0.0,0,0.0,0.0,1.0,1,1,1.0,1,1,1.0,1,1,1.0,0.0088495575221238
87401,30.0,1954.0,1992.0,1993.0,10.0,0.0,0.0,1.0,0.0,0,0.0,0.0,1.0,1,1,1.0,1,1,1.0,1,1,1.0,0.0088495575221238
89102,45.0,1990.0,2018.5,2017.0,1.0,1.0,24.471768741534547,1.0,2.0,0,1.0,0.0,2.0,2,2,1.0,2,2,1.0,1,2,0.5,0.0088495575221238
89119,45.714285714285715,1979.0,2011.8333333333333,2009.7142857142858,2.4285714285714284,5.0,28.333333333333332,6.0,0.0,0,0.0,0.0,7.0,3,7,0.42857142857142855,4,7,0.5714285714285714,2,7,0.2857142857142857,0.0088495575221238
89121,48.0,1990.0,2014.0,2014.0,1.0,1.0,40.0,1.0,0.0,0,0.0,0.0,1.0,1,1,1.0,1,1,1.0,1,1,1.0,0.0088495575221238
89502,40.833333333333336,1968.3333333333333,2002.75,1997.0833333333333,2.5833333333333335,6.666666666666667,31.11111111111111,10.0,1.0,0,6.0,0.0,12.0,3,12,0.25,6,12,0.5,2,12,0.16666666666666666,0.0176991150442477
89509,50.0,1969.0,2002.0,2000.0,0.0,4.0,36.0,1.0,0.0,0,1.0,0.0,1.0,1,1,1.0,1,1,1.0,1,1,1.0,0.0088495575221238
90001,20.0,1990.0,2015.0,2015.0,6.0,3.0,20.0,0.0,0.0,0,0.0,0.0,1.0,1,1,1.0,1,1,1.0,1,1,1.0,0.0088495575221238
90045,18.0,1975.8428553537046,2019.0,2015.0,1.0,1.0,24.471768741534547,1.0,0.0,0,1.0,0.0,1.0,1,1,1.0,1,1,1.0,1,1,1.0,0.0088495575221238
90059,52.0,1984.0,2013.0,2021.0,0.0,7.0,40.0,2.0,2.0,0,0.0,0.0,2.0,2,2,1.0,1,2,0.5,1,2,0.5,0.0088495575221238
90834,50.0,1995.0,2019.0,2019.0,1.0,1.0,34.0,0.0,0.0,0,0.0,0.0,2.0,2,2,1.0,1,2,0.5,1,2,0.5,0.0088495575221238
91773,50.0,1982.0,2003.0,2017.0,3.0,15.0,24.471768741534547,1.0,1.0,0,0.0,0.0,1.0,1,1,1.0,1,1,1.0,1,1,1.0,0.0176991150442477
92008,50.0,1961.0,1987.0,1987.0,0.0,10.0,32.0,2.0,1.0,0,2.0,0.0,2.0,1,2,0.5,1,2,0.5,1,2,0.5,0.0088495575221238
92009,24.0,1973.3333333333333,2009.0,2006.0,1.0,1.0,24.471768741534547,3.0,1.0,0,0.0,0.0,3.0,2,3,0.6666666666666666,2,3,0.6666666666666666,1,3,0.3333333333333333,0.0265486725663716
92010,38.75,1977.5,2008.0,2008.75,1.25,3.25,35.0,4.0,1.0,0,2.0,0.0,4.0,1,4,0.25,1,4,0.25,2,4,0.5,0.0176991150442477
92108,34.125,1980.5,2014.5,2016.625,1.375,2.375,23.0,8.0,3.0,0,0.0,0.0,8.0,6,8,0.75,5,8,0.625,1,8,0.125,0.0265486725663716
92110,14.0,1968.0,1997.0,1997.0,0.0,1.0,24.471768741534547,1.0,0.0,0,0.0,0.0,1.0,1,1,1.0,1,1,1.0,1,1,1.0,0.0088495575221238
92614,33.0,1981.0,2001.0,2008.0,20.0,2.0,36.0,0.0,0.0,0,0.0,0.0,1.0,1,1,1.0,1,1,1.0,1,1,1.0,0.0176991150442477
92618,31.5,1972.0,2000.75,2002.25,6.0,5.25,10.0,4.0,2.0,0,2.0,0.0,4.0,3,4,0.75,4,4,1.0,2,4,0.5,0.0176991150442477
92626,52.0,1947.0,1973.0,1978.0,0.0,40.0,24.471768741534547,1.0,0.0,0,1.0,0.0,1.0,1,1,1.0,1,1,1.0,1,1,1.0,0.0088495575221238
92647,36.8,1981.2,2008.6,2007.6,5.0,3.0,2.6666666666666665,5.0,0.0,0,1.0,0.0,4.0,2,5,0.4,1,5,0.2,1,5,0.2,0.0265486725663716
92705,24.0,1971.5,2005.5,2007.0,0.0,1.0,24.471768741534547,1.0,1.0,0,0.0,0.0,2.0,2,2,1.0,2,2,1.0,1,2,0.5,0.0088495575221238
93301,35.0,1981.0,2017.0,2016.0,0.0,1.0,24.471768741534547,1.0,0.0,0,1.0,0.0,1.0,1,1,1.0,1,1,1.0,1,1,1.0,0.0088495575221238
93551,50.0,1951.0,1988.0,1989.0,50.0,11.0,24.471768741534547,1.0,0.0,0,1.0,0.0,1.0,1,1,1.0,1,1,1.0,1,1,1.0,0.0088495575221238
94043,48.0,1976.0,2007.0,2007.0,2.0,2.0,24.471768741534547,1.0,1.0,0,1.0,0.0,1.0,1,1,1.0,1,1,1.0,1,1,1.0,0.0088495575221238
94080,50.0,1975.0,2000.0,2000.0,16.0,3.0,24.471768741534547,0.0,0.0,0,0.0,0.0,1.0,1,1,1.0,1,1,1.0,1,1,1.0,0.0088495575221238
94109,51.0,1991.0,2017.0,2017.0,1.0,2.0,35.0,1.0,0.0,0,0.0,0.0,1.0,1,1,1.0,1,1,1.0,1,1,1.0,0.0088495575221238
94114,46.0,1986.6666666666667,2010.6666666666667,2010.6666666666667,1.3333333333333333,1.5,24.471768741534547,3.0,0.0,0,0.0,0.0,3.0,3,3,1.0,2,3,0.6666666666666666,1,3,0.3333333333333333,0.0176991150442477
94404,50.0,1978.0,2007.0,2007.0,1.0,11.0,24.471768741534547,1.0,0.0,0,0.0,0.0,1.0,1,1,1.0,0,1,0.0,1,1,1.0,0.0088495575221238
94534,25.0,1967.5,2013.0,2007.5,4.0,8.5,17.5,4.0,0.0,0,2.0,0.0,4.0,3,4,0.75,2,4,0.5,1,4,0.25,0.0088495575221238
94598,41.75,1980.5,2011.5,2009.0,1.0,4.75,12.5,4.0,0.0,0,1.0,0.0,4.0,4,4,1.0,2,4,0.5,2,4,0.5,0.0088495575221238
95113,50.0,1956.0,1990.0,2002.0,15.0,18.0,5.0,1.0,0.0,0,1.0,0.0,1.0,1,1,1.0,1,1,1.0,1,1,1.0,0.0176991150442477
95356,39.0,1976.5,2010.0,2008.0,10.0,1.0,20.0,2.0,1.0,0,1.0,0.0,2.0,2,2,1.0,2,2,1.0,2,2,1.0,1.2123893805309736
96816,44.0,1985.0,2011.0,2011.0,0.0,2.0,0.0,2.0,0.0,0,0.0,0.0,2.0,2,2,1.0,1,2,0.5,1,2,0.5,0.0088495575221238
97002,0.0,1960.0,1993.0,1995.0,1.0,1.0,48.0,1.0,0.0,0,1.0,0.0,1.0,1,1,1.0,1,1,1.0,1,1,1.0,0.0176991150442477
97015,43.46350364963504,1975.9746376811595,2006.4021739130435,2006.9818181818182,5.044,6.072924187725632,25.716494845360824,271.0,46.0,6,79.0,2.0,278.0,31,278,0.11151079136690648,49,278,0.17625899280575538,5,278,0.017985611510791366,0.0088495575221238
97048,51.0,1988.5,2016.0,2016.0,4.0,6.0,4.0,1.0,0.0,0,1.0,0.0,2.0,2,2,1.0,2,2,1.0,1,2,0.5,0.0088495575221238
97058,42.885245901639344,1976.65,2007.6666666666667,2008.27868852459,8.116666666666667,6.39344262295082,12.542553191489361,59.0,11.0,4,8.0,0.0,61.0,18,61,0.29508196721311475,25,61,0.4098360655737705,3,61,0.04918032786885246,0.0088495575221238
97123,39.148936170212764,1978.4791666666667,2007.6041666666667,2007.5416666666667,5.1,5.095744680851064,22.785714285714285,46.0,12.0,0,8.0,0.0,48.0,17,48,0.3541666666666667,26,48,0.5416666666666666,3,48,0.0625,0.0088495575221238
97141,35.285714285714285,1972.0,2000.142857142857,2001.5714285714287,13.285714285714286,3.4285714285714284,20.0,7.0,0.0,0,4.0,0.0,7.0,3,7,0.42857142857142855,5,7,0.7142857142857143,2,7,0.2857142857142857,0.0176991150442477
97208,84.0,1981.0,2006.0,2016.0,2.0,3.0,24.471768741534547,1.0,0.0,1,0.0,0.0,1.0,1,1,1.0,1,1,1.0,1,1,1.0,0.0088495575221238
97210,42.015625,1977.4,2006.241935483871,2006.8359375,5.517600000000001,6.7578125,13.308988764044944,127.0,27.0,1,22.0,0.0,128.0,22,128,0.171875,32,128,0.25,4,128,0.03125,0.0088495575221238
97212,39.476190476190474,1975.857142857143,2009.0,2009.047619047619,5.0476190476190474,7.0,16.705882352941178,20.0,9.0,1,6.0,0.0,21.0,10,21,0.47619047619047616,12,21,0.5714285714285714,4,21,0.19047619047619047,0.0176991150442477
97213,45.438709677419354,1977.8544303797469,2007.75,2007.4625,4.105263157894737,5.3742138364779874,16.292929292929294,151.0,26.0,4,32.0,0.0,160.0,22,160,0.1375,52,160,0.325,4,160,0.025,0.0088495575221238
97216,45.092592592592595,1976.537037037037,2009.7,2009.1666666666667,5.653846153846154,3.6296296296296298,16.302325581395348,52.0,12.0,2,12.0,0.0,54.0,20,54,0.37037037037037035,25,54,0.46296296296296297,5,54,0.09259259259259259,0.0176991150442477
97220,37.604651162790695,1978.1627906976744,2005.5058823529412,2007.0843373493976,4.091463414634147,4.541176470588235,20.74,84.0,21.0,1,17.0,1.0,86.0,18,86,0.20930232558139536,34,86,0.3953488372093023,4,86,0.046511627906976744,0.0088495575221238
97225,42.49295774647887,1978.338028169014,2007.6,2008.388888888889,4.654411764705882,5.7785714285714285,18.34090909090909,72.0,22.0,6,17.0,3.0,72.0,19,72,0.2638888888888889,31,72,0.4305555555555556,6,72,0.08333333333333333,0.0088495575221238
97228,50.0,1955.0,1978.0,1978.0,21.0,3.0,10.0,2.0,2.0,0,2.0,0.0,2.0,2,2,1.0,1,2,0.5,1,2,0.5,0.0176991150442477
97301,47.2,1968.0666666666666,2001.4666666666667,1999.0,4.666666666666667,7.8,19.833333333333332,15.0,5.0,0,7.0,0.0,15.0,6,15,0.4,13,15,0.8666666666666667,3,15,0.2,0.0176991150442477
97302,45.0,1976.6666666666667,2006.4074074074074,2006.423076923077,2.4074074074074074,6.185185185185185,8.588235294117647,26.0,2.0,0,13.0,0.0,27.0,13,27,0.48148148148148145,16,27,0.5925925925925926,3,27,0.1111111111111111,0.0088495575221238
97317,35.2,1964.5,1995.0,2005.2,7.0,8.6,22.5,4.0,0.0,0,1.0,0.0,5.0,4,5,0.8,5,5,1.0,1,5,0.2,0.0088495575221238
97477,35.78947368421053,1983.3157894736842,2012.7894736842106,2013.0526315789473,0.8947368421052632,3.1578947368421053,35.42857142857143,19.0,3.0,1,7.0,0.0,19.0,7,19,0.3684210526315789,8,19,0.42105263157894735,3,19,0.15789473684210525,0.0088495575221238
97501,33.6,1985.5,2013.2,2013.4,0.0,4.0,26.666666666666668,4.0,0.0,0,2.0,0.0,5.0,3,5,0.6,3,5,0.6,1,5,0.2,0.0088495575221238
98001,41.25083612040134,1981.8841059602648,2011.1546391752577,2011.4234527687297,7.897689768976898,4.361666666666666,34.3600790513834,56.0,114.0,16,64.0,1.0,307.0,32,307,0.10423452768729642,62,307,0.20195439739413681,11,307,0.035830618892508145,0.1858407079646017
98002,42.592485549132945,1977.484555984556,2008.6869918699188,2009.8557874762807,9.938709677419354,5.790061983471074,32.730176211453745,77.0,160.0,31,123.0,2.0,529.0,39,530,0.07358490566037736,75,530,0.14150943396226415,13,530,0.024528301886792454,0.1858407079646017
98003,40.316947565543074,1980.3150557620818,2009.8003992015967,2010.6537396121885,8.375301764159703,4.877212806026366,35.71610766045549,227.0,366.0,52,255.0,4.0,1087.0,41,1090,0.03761467889908257,104,1090,0.09541284403669725,16,1090,0.014678899082568808,0.5221238938053098
98004,41.76,1979.3696872493986,2009.31146179402,2009.9984152139461,8.916891356066614,4.648729838709677,31.56524761077324,265.0,401.0,62,298.0,5.0,1274.0,41,1274,0.03218210361067504,108,1274,0.0847723704866562,16,1274,0.012558869701726845,0.991150442477876
98005,41.57253384912959,1978.1996161228408,2008.5502008032129,2009.493307839388,9.279506641366224,4.785333333333334,34.158405172413794,119.0,177.0,19,136.0,2.0,533.0,35,534,0.06554307116104868,68,534,0.12734082397003746,12,534,0.02247191011235955,0.2035398230088495
98006,40.73015873015873,1980.5945945945946,2008.6758893280632,2009.8257575757575,8.459923664122137,5.406589147286822,32.24561403508772,58.0,101.0,9,63.0,1.0,266.0,38,266,0.14285714285714285,56,266,0.21052631578947367,8,266,0.03007518796992481,0.1061946902654867
98007,40.99261083743843,1977.4460784313726,2007.7386934673366,2009.6820388349515,9.021359223300971,5.287182741116752,30.042936288088644,80.0,171.0,22,92.0,2.0,416.0,36,416,0.08653846153846154,73,416,0.17548076923076922,9,416,0.021634615384615384,0.1592920353982301
98008,40.88135593220339,1981.4204545454545,2010.169590643275,2011.0874316939892,7.998913043478261,5.264204545454546,27.91830065359477,30.0,71.0,10,37.0,1.0,183.0,34,185,0.1837837837837838,48,185,0.2594594594594595,6,185,0.032432432432432434,0.0619469026548672
98009,50.0,1983.0,2010.5,2010.5,7.5,7.5,35.0,1.0,1.0,0,1.0,0.0,2.0,2,2,1.0,2,2,1.0,1,2,0.5,0.0088495575221238
98011,42.436754176610975,1980.1634615384614,2009.748743718593,2010.6619047619047,8.116229116945107,4.970334928229665,31.013054830287206,77.0,100.0,10,73.0,1.0,423.0,33,423,0.07801418439716312,65,423,0.1536643026004728,9,423,0.02127659574468085,0.2035398230088495
98012,40.395604395604394,1978.5603217158177,2008.112676056338,2009.3333333333333,9.987831978319784,4.833516483516484,32.316964285714285,65.0,89.0,11,87.0,1.0,376.0,37,376,0.09840425531914894,73,376,0.19414893617021275,10,376,0.026595744680851064,0.1769911504424778
98014,43.86666666666667,1983.25,2011.375,2011.625,11.966666666666667,6.21875,31.208333333333332,3.0,3.0,1,1.0,0.0,16.0,8,16,0.5,9,16,0.5625,2,16,0.125,0.0176991150442477
98019,40.75,1977.8358208955224,2007.0149253731342,2007.7058823529412,11.73134328358209,5.647058823529412,26.65625,13.0,12.0,0,16.0,0.0,68.0,23,68,0.3382352941176471,24,68,0.35294117647058826,5,68,0.07352941176470588,0.0176991150442477
98020,39.28484848484848,1973.5903614457832,2007.6975308641975,2008.952380952381,10.877245508982035,5.035542168674699,26.8343949044586,20.0,39.0,6,34.0,1.0,168.0,31,168,0.18452380952380953,45,168,0.26785714285714285,10,168,0.05952380952380952,0.0530973451327433
98021,43.96138996138996,1976.1050583657589,2006.3991769547324,2007.237354085603,11.149425287356323,5.318992248062015,31.772300469483568,63.0,69.0,9,49.0,0.0,260.0,34,261,0.13026819923371646,63,261,0.2413793103448276,10,261,0.038314176245210725,0.1769911504424778
98022,42.271794871794874,1978.2908163265306,2008.544502617801,2008.645,10.358585858585858,5.59234693877551,29.694444444444443,30.0,40.0,15,50.0,0.0,201.0,31,201,0.15422885572139303,44,201,0.21890547263681592,8,201,0.03980099502487562,0.0442477876106194
98023,43.10655737704918,1981.8548387096773,2010.775,2011.3801652892562,8.07258064516129,4.272357723577236,33.5377358490566,25.0,42.0,9,21.0,0.0,123.0,24,124,0.1935483870967742,33,124,0.2661290322580645,8,124,0.06451612903225806,0.0088495575221238
98026,43.42088724584104,1977.1245353159852,2008.6161228406909,2009.1786372007366,9.758500914076782,5.007434944237918,33.05360824742268,117.0,214.0,31,161.0,2.0,545.0,40,548,0.072992700729927,82,548,0.14963503649635038,12,548,0.021897810218978103,0.1858407079646017
98027,43.39857142857143,1978.095305832148,2007.7288888888888,2008.5980113636363,10.093428571428571,5.528304597701149,30.0976821192053,135.0,168.0,31,179.0,2.0,709.0,38,711,0.053445850914205346,80,711,0.11251758087201125,12,711,0.016877637130801686,0.1858407079646017
98028,37.02142857142857,1979.1642857142858,2009.3863636363637,2009.9928571428572,8.897163120567376,3.834507042253521,30.6,16.0,33.0,5,39.0,0.0,142.0,26,142,0.18309859154929578,42,142,0.29577464788732394,8,142,0.056338028169014086,0.0619469026548672
98029,41.484848484848484,1981.5022123893805,2010.046460176991,2010.1720430107528,7.822317596566523,4.268250539956804,40.23975903614458,82.0,147.0,17,91.0,1.0,469.0,30,470,0.06382978723404255,57,470,0.12127659574468085,11,470,0.023404255319148935,0.1504424778761062
98030,44.026315789473685,1980.6262295081967,2010.0204081632653,2010.9935064935064,7.919480519480519,5.398684210526316,30.80410447761194,75.0,117.0,19,73.0,0.0,313.0,31,313,0.09904153354632587,53,313,0.16932907348242812,10,313,0.03194888178913738,0.168141592920354
98031,39.834782608695654,1979.1478260869565,2010.7383177570093,2010.8119658119658,8.701739130434783,5.7504347826086954,34.27777777777778,19.0,54.0,12,31.0,1.0,117.0,25,117,0.21367521367521367,37,117,0.3162393162393162,9,117,0.07692307692307693,0.0619469026548672
98032,43.32535885167464,1978.3096926713947,2008.4348894348893,2009.8441860465116,9.625934579439251,5.903092783505155,30.172608695652173,97.0,141.0,24,124.0,3.0,430.0,35,432,0.08101851851851852,76,432,0.17592592592592593,13,432,0.03009259259259259,0.1946902654867256
98033,42.62738853503185,1978.182108626198,2008.5261437908496,2009.798076923077,9.442307692307692,5.49873417721519,27.931972789115648,58.0,75.0,8,75.0,1.0,319.0,37,319,0.11598746081504702,57,319,0.1786833855799373,8,319,0.025078369905956112,0.0973451327433628
98034,42.50780031201248,1979.007830853563,2006.5898058252428,2008.7317262830481,9.945127610208816,5.399570647931304,32.77692998204668,264.0,344.0,53,271.0,1.0,1299.0,42,1304,0.032208588957055216,102,1304,0.07822085889570553,12,1304,0.009202453987730062,0.4601769911504424
98036,41.05573770491803,1979.2646103896104,2008.7813559322035,2009.5048076923076,9.095967741935484,5.1934959349593495,31.449466192170817,121.0,190.0,25,165.0,4.0,627.0,35,627,0.05582137161084529,73,627,0.11642743221690591,9,627,0.014354066985645933,0.672566371681416
98037,41.54037267080745,1978.4969325153374,2009.0253164556962,2010.3090909090909,8.591463414634147,5.310975609756097,31.087591240875913,36.0,79.0,17,52.0,0.0,167.0,30,167,0.17964071856287425,47,167,0.281437125748503,8,167,0.04790419161676647,0.1858407079646017
98038,40.60427807486631,1980.3829787234042,2009.0114942528735,2009.6791443850268,9.278378378378378,4.485561497326203,32.36280487804878,33.0,47.0,6,57.0,0.0,189.0,31,189,0.164021164021164,41,189,0.21693121693121692,11,189,0.0582010582010582,0.0265486725663716
98040,38.64705882352941,1978.6586826347304,2008.2628205128206,2009.792899408284,8.541420118343195,4.7556213017751485,30.5364238410596,40.0,52.0,6,41.0,0.0,171.0,30,171,0.17543859649122806,33,171,0.19298245614035087,7,171,0.04093567251461988,0.0353982300884955
98042,41.411764705882355,1981.5407407407408,2010.4806201550387,2011.0588235294117,8.596629213483146,4.819318181818182,33.08452380952381,52.0,69.0,11,53.0,0.0,271.0,32,273,0.11721611721611722,52,273,0.19047619047619047,7,273,0.02564102564102564,0.0442477876106194
98043,43.25714285714286,1978.6544715447155,2009.4876033057851,2010.003984063745,8.86733870967742,4.777620967741935,29.6925,48.0,74.0,12,51.0,1.0,252.0,33,253,0.13043478260869565,51,253,0.2015810276679842,10,253,0.039525691699604744,0.0884955752212389
98047,25.6,1988.4,2013.4,2014.2,5.8,4.4,30.5,1.0,0.0,0,0.0,0.0,5.0,2,5,0.4,2,5,0.4,2,5,0.4,0.0088495575221238
98051,50.0,1988.0,2008.0,2010.0,14.0,8.0,36.0,1.0,0.0,0,0.0,0.0,1.0,1,1,1.0,1,1,1.0,1,1,1.0,0.0088495575221238
98052,40.756908665105385,1979.345307068366,2008.971597633136,2009.5362485615651,8.668390804597701,4.378505214368482,31.166340819022455,170.0,288.0,43,217.0,1.0,875.0,37,879,0.04209328782707622,96,879,0.10921501706484642,14,879,0.015927189988623434,0.8584070796460177
98053,42.71621621621622,1978.2028985507247,2008.4153846153847,2008.361111111111,10.37638888888889,6.144594594594595,29.323076923076922,9.0,11.0,3,11.0,0.0,75.0,18,75,0.24,24,75,0.32,5,75,0.06666666666666667,0.0088495575221238
98055,43.457463884430176,1979.8644338118022,2008.519801980198,2008.8056872037914,10.551419558359623,6.699210110584518,34.19616636528029,99.0,240.0,24,142.0,4.0,638.0,38,640,0.059375,70,640,0.109375,12,640,0.01875,0.3716814159292035
98056,40.779411764705884,1980.2846715328467,2010.4666666666667,2012.0434782608695,7.572992700729927,5.12962962962963,33.63135593220339,25.0,60.0,7,35.0,0.0,138.0,29,139,0.20863309352517986,45,139,0.3237410071942446,9,139,0.06474820143884892,0.0619469026548672
98057,42.65751211631664,1979.402280130293,2008.8382352941176,2009.5948553054661,9.571033386327505,5.125857605177994,29.56686626746507,133.0,217.0,22,144.0,0.0,632.0,39,632,0.061708860759493674,92,632,0.14556962025316456,13,632,0.020569620253164556,0.3539823008849557
98058,43.6319018404908,1979.3975155279504,2009.137254901961,2008.863354037267,9.395061728395062,6.3825,34.794326241134755,29.0,53.0,5,44.0,0.0,164.0,30,164,0.18292682926829268,45,164,0.27439024390243905,9,164,0.054878048780487805,0.0088495575221238
98059,41.96992481203007,1980.6538461538462,2009.920634920635,2010.376923076923,8.421641791044776,5.352985074626865,35.60629921259842,31.0,60.0,7,43.0,0.0,134.0,21,134,0.15671641791044777,30,134,0.22388059701492538,6,134,0.04477611940298507,0.0442477876106194
98065,41.63636363636363,1978.4195402298851,2008.0981595092026,2010.375,8.494318181818182,4.7351190476190474,47.47361963190184,26.0,40.0,5,38.0,0.0,179.0,32,179,0.1787709497206704,49,179,0.2737430167597765,10,179,0.055865921787709494,0.0176991150442477
98070,40.698113207547166,1970.4074074074074,2002.061224489796,2002.6346153846155,14.90566037735849,4.716981132075472,26.97,5.0,14.0,2,18.0,1.0,54.0,23,54,0.42592592592592593,24,54,0.4444444444444444,5,54,0.09259259259259259,0.0088495575221238
98072,41.82692307692308,1980.0266159695818,2009.4351145038167,2010.2234848484848,8.851136363636362,4.510266159695818,30.270766129032257,53.0,71.0,16,52.0,0.0,267.0,35,267,0.13108614232209737,52,267,0.1947565543071161,8,267,0.0299625468164794,0.0353982300884955
98074,41.277227722772274,1981.1,2010.0106382978724,2012.6326530612246,6.013861386138614,3.776237623762376,31.904761904761905,18.0,42.0,7,26.0,0.0,101.0,22,101,0.21782178217821782,34,101,0.33663366336633666,5,101,0.04950495049504951,0.0265486725663716
98075,41.57142857142857,1976.657894736842,2005.907894736842,2007.2597402597403,11.935064935064934,7.115384615384615,31.87837837837838,16.0,17.0,1,14.0,0.0,78.0,20,78,0.2564102564102564,29,78,0.3717948717948718,4,78,0.05128205128205128,0.0265486725663716
98083,50.0,1986.0,2013.0,2017.0,6.0,6.0,40.0,1.0,0.0,0,0.0,0.0,1.0,1,1,1.0,1,1,1.0,1,1,1.0,0.0353982300884955
98087,40.939597315436245,1980.0479452054794,2011.0955882352941,2010.9328859060402,8.235570469798658,5.095918367346939,32.06818181818182,26.0,69.0,12,44.0,0.0,151.0,23,151,0.152317880794702,42,151,0.2781456953642384,8,151,0.052980132450331126,0.0884955752212389
98092,41.625,1980.1810344827586,2008.7117117117118,2010.1637931034484,9.176991150442477,4.434210526315789,32.82368421052632,19.0,35.0,11,22.0,0.0,117.0,25,117,0.21367521367521367,39,117,0.3333333333333333,6,117,0.05128205128205128,0.0176991150442477
98093,46.5,1976.5,2010.0,2006.5,6.5,5.0,31.0,0.0,0.0,0,1.0,0.0,2.0,2,2,1.0,2,2,1.0,1,2,0.5,0.0442477876106194
98101,42.1710775047259,1980.1322701688555,2009.2590132827324,2009.724907063197,8.781325863678804,5.715574548907882,34.580952380952375,191.0,266.0,48,302.0,10.0,1082.0,40,1084,0.03690036900369004,92,1084,0.08487084870848709,17,1084,0.015682656826568265,0.2654867256637168
98102,43.07831325301205,1977.9386503067485,2008.9789156626507,2009.4186746987953,9.313939393939394,4.793749999999999,25.79933110367893,56.0,68.0,4,117.0,1.0,333.0,33,333,0.0990990990990991,72,333,0.21621621621621623,10,333,0.03003003003003003,0.0619469026548672
98103,42.109722222222224,1979.741980474198,2010.3046544428773,2011.0457697642164,8.369182825484765,4.532492997198879,26.374814814814815,116.0,174.0,17,205.0,3.0,723.0,35,725,0.04827586206896552,76,725,0.10482758620689656,14,725,0.019310344827586208,0.1150442477876106
98104,43.36096096096096,1979.3307416267942,2008.561425061425,2009.8748510131109,9.485240071132187,6.493043478260869,32.22327198364008,305.0,475.0,69,477.0,17.0,1693.0,42,1695,0.024778761061946902,119,1695,0.07020648967551622,17,1695,0.010029498525073746,0.9380530973451328
98105,42.605123087159015,1982.1376811594203,2009.8479415670652,2010.4663618549966,8.197975179621164,5.755510204081633,30.416181953765847,291.0,328.0,31,316.0,5.0,1545.0,40,1547,0.025856496444731737,99,1547,0.06399482870071105,17,1547,0.01098901098901099,0.1327433628318584
98106,41.53125,1979.484375,2008.8359375,2010.2480620155038,9.88671875,6.233606557377049,28.09722222222222,33.0,63.0,5,23.0,0.0,130.0,26,130,0.2,39,130,0.3,9,130,0.06923076923076923,0.0176991150442477
98107,42.03030303030303,1980.714596949891,2010.5634743875278,2010.9300847457628,7.922912205567452,3.790149892933619,29.10614849187935,98.0,111.0,7,122.0,0.0,474.0,36,474,0.0759493670886076,70,474,0.14767932489451477,15,474,0.03164556962025317,0.1769911504424778
98108,43.59722222222222,1978.2478184991273,2008.3615520282187,2009.2876949740034,9.657068965517242,6.629319371727749,29.71090534979424,133.0,153.0,12,147.0,2.0,581.0,36,582,0.061855670103092786,74,582,0.12714776632302405,9,582,0.015463917525773196,0.1415929203539823
98109,41.3393351800554,1980.6680272108842,2009.5416666666667,2010.1981004070556,8.262894375857337,4.574929775280899,28.28436018957346,169.0,180.0,15,214.0,6.0,741.0,38,741,0.05128205128205128,89,741,0.12010796221322537,13,741,0.017543859649122806,0.247787610619469
98109-1023,46.75,1977.75,2013.5,2015.75,3.25,2.5,24.5,1.0,2.0,0,1.0,0.0,4.0,4,4,1.0,3,4,0.75,3,4,0.75,0.079646017699115
98110,42.25388601036269,1975.9326424870467,2007.015873015873,2007.0659898477156,9.748717948717948,4.764285714285714,28.59039548022599,43.0,42.0,3,41.0,0.0,198.0,32,198,0.16161616161616163,38,198,0.1919191919191919,9,198,0.045454545454545456,0.0884955752212389
98111,44.0,1973.7857142857142,2007.857142857143,2004.0714285714287,14.928571428571429,12.928571428571429,34.0,1.0,4.0,3,4.0,0.0,14.0,9,14,0.6428571428571429,9,14,0.6428571428571429,4,14,0.2857142857142857,0.0442477876106194
98112,42.82174688057041,1977.6067615658362,2008.6864864864865,2009.670796460177,9.662632508833923,5.100266429840142,32.01499032882012,129.0,157.0,22,137.0,8.0,570.0,38,570,0.06666666666666667,83,570,0.1456140350877193,16,570,0.028070175438596492,0.0442477876106194
98115,41.46,1979.029900332226,2009.1706484641638,2009.71237458194,9.05206953642384,5.438324873096447,28.626159554730982,115.0,124.0,19,151.0,3.0,609.0,34,610,0.05573770491803279,85,610,0.13934426229508196,10,610,0.01639344262295082,0.1327433628318584
98116,42.84320557491289,1978.1498257839721,2009.9381818181819,2009.864111498258,9.49655172413793,3.9739583333333335,30.581106870229007,54.0,67.0,7,60.0,1.0,291.0,30,291,0.10309278350515463,57,291,0.1958762886597938,8,291,0.027491408934707903,0.0884955752212389
98117,41.06432748538012,1979.6878612716764,2009.7454545454545,2010.6724137931035,7.55543352601156,4.47436046511628,30.950331125827816,38.0,43.0,6,42.0,1.0,175.0,29,175,0.1657142857142857,44,175,0.25142857142857145,8,175,0.045714285714285714,0.0265486725663716
98118,43.472934472934476,1980.0888252148998,2009.6744868035191,2011.4745762711864,8.3722,4.32093093093093,31.00309446254072,70.0,151.0,17,91.0,6.0,358.0,35,358,0.09776536312849161,61,358,0.17039106145251395,13,358,0.036312849162011177,0.079646017699115
98119,42.095454545454544,1980.8341013824884,2011.5714285714287,2012.2545454545455,7.103619909502263,4.106880733944954,27.748768472906406,40.0,46.0,8,50.0,0.0,220.0,34,221,0.15384615384615385,48,221,0.2171945701357466,10,221,0.04524886877828054,0.1150442477876106
98121,44.243801652892564,1979.7983193277312,2009.9045643153527,2011.5432098765432,7.793388429752066,4.319196428571429,28.976303317535546,41.0,57.0,7,65.0,5.0,245.0,28,245,0.11428571428571428,56,245,0.22857142857142856,8,245,0.0326530612244898,0.079646017699115
98122,41.89380530973451,1980.1933924254633,2009.5146341463415,2009.6813099041533,9.06722621902478,5.831394389438944,36.40560997328584,251.0,349.0,55,368.0,17.0,1265.0,42,1266,0.03317535545023697,102,1266,0.08056872037914692,13,1266,0.010268562401263823,0.3982300884955752
98124,39.888888888888886,1968.5555555555557,2000.5555555555557,1995.4444444444443,22.22222222222222,12.875,31.125,3.0,1.0,1,2.0,0.0,9.0,6,9,0.6666666666666666,6,9,0.6666666666666666,2,9,0.2222222222222222,2.601769911504425
98125,41.658854166666664,1977.0443864229765,2007.9972972972973,2009.0434782608695,9.906410256410256,5.667195767195767,29.1353550295858,79.0,132.0,16,123.0,5.0,394.0,37,394,0.09390862944162437,78,394,0.19796954314720813,11,394,0.027918781725888325,0.168141592920354
98126,42.23462897526502,1978.7544483985764,2008.8929889298893,2010.8566433566434,8.868070175438596,5.338475836431226,28.859375,43.0,82.0,10,78.0,0.0,291.0,31,291,0.10652920962199312,56,291,0.19243986254295534,9,291,0.030927835051546393,0.0619469026548672
98133,41.54747225647349,1978.633734939759,2008.789209535759,2009.731884057971,9.500540216086435,5.400795593635251,33.88964577656676,143.0,271.0,36,193.0,4.0,839.0,45,840,0.05357142857142857,100,840,0.11904761904761904,13,840,0.015476190476190477,0.336283185840708
98134,42.1301775147929,1980.9122807017543,2010.414201183432,2010.7225433526012,8.358092485549133,3.6208333333333336,30.225,22.0,41.0,8,42.0,0.0,173.0,28,173,0.16184971098265896,31,173,0.1791907514450867,7,173,0.04046242774566474,0.0442477876106194
98136,44.17094017094017,1979.5775862068965,2010.6782608695653,2011.2118644067796,7.628205128205129,4.054310344827586,25.732142857142858,16.0,17.0,3,23.0,0.0,118.0,23,118,0.19491525423728814,31,118,0.2627118644067797,6,118,0.05084745762711865,0.0088495575221238
98144,42.519417475728154,1981.4330900243308,2011.780193236715,2013.5218446601941,6.541666666666667,4.18304347826087,27.46510989010989,62.0,168.0,21,125.0,1.0,422.0,32,422,0.07582938388625593,63,422,0.14928909952606634,12,422,0.02843601895734597,0.2123893805309734
98145,43.52777777777778,1976.142857142857,2006.4166666666667,2007.4166666666667,11.428571428571429,7.303030303030303,26.677419354838708,8.0,8.0,1,3.0,0.0,36.0,15,36,0.4166666666666667,13,36,0.3611111111111111,3,36,0.08333333333333333,0.0176991150442477
98145-5005,49.5,1961.5,2003.0,2002.0,10.5,10.5,17.5,0.0,0.0,0,1.0,0.0,2.0,2,2,1.0,2,2,1.0,1,2,0.5,0.1415929203539823
98146,40.75308641975309,1979.75,2007.7536231884058,2008.7560975609756,10.096385542168674,5.662337662337662,26.028985507246375,18.0,28.0,3,22.0,0.0,83.0,23,83,0.27710843373493976,30,83,0.3614457831325301,5,83,0.060240963855421686,0.0265486725663716
98148,42.47286821705426,1979.6875,2009.4083333333333,2010.176923076923,8.710077519379844,3.5087301587301587,32.79831932773109,28.0,40.0,2,33.0,1.0,130.0,23,130,0.17692307692307693,33,130,0.25384615384615383,7,130,0.05384615384615385,0.079646017699115
98155,41.741573033707866,1979.4644194756554,2009.443137254902,2010.1194029850747,8.458208955223881,5.280314960629921,30.689956331877728,61.0,95.0,12,65.0,1.0,271.0,36,271,0.13284132841328414,59,271,0.2177121771217712,9,271,0.033210332103321034,0.1061946902654867
98161,49.25,1982.75,2011.0,2008.75,7.75,2.375,35.5,1.0,0.0,0,2.0,0.0,8.0,4,8,0.5,2,8,0.25,1,8,0.125,0.0088495575221238
98164,48.0,1963.0,1984.0,2001.0,18.0,12.0,45.0,0.0,1.0,0,0.0,0.0,1.0,1,1,1.0,1,1,1.0,1,1,1.0,0.0619469026548672
98166,42.61684434968017,1980.8622881355932,2010.2200435729847,2010.9747368421054,8.291120507399576,4.7303493449781655,36.2729216152019,65.0,140.0,14,109.0,1.0,482.0,40,482,0.08298755186721991,78,482,0.16182572614107885,11,482,0.022821576763485476,0.2123893805309734
98168,43.890625,1978.437823834197,2008.0054495912807,2008.5953608247423,8.625321336760926,4.774869109947644,33.0668810289389,122.0,141.0,17,108.0,1.0,392.0,33,392,0.08418367346938775,57,392,0.14540816326530612,12,392,0.030612244897959183,0.079646017699115
98177,42.540983606557376,1979.6666666666667,2008.6785714285713,2009.0862068965516,9.418333333333333,4.815254237288136,28.392156862745097,5.0,20.0,1,5.0,1.0,61.0,19,61,0.3114754098360656,26,61,0.4262295081967213,4,61,0.06557377049180328,0.0088495575221238
98178,37.2972972972973,1978.1891891891892,2007.5675675675675,2010.578947368421,9.131578947368421,5.4411764705882355,30.90625,7.0,22.0,3,12.0,0.0,38.0,17,38,0.4473684210526316,23,38,0.6052631578947368,8,38,0.21052631578947367,0.0088495575221238
98188,43.159685863874344,1978.9603174603174,2010.542234332425,2012.4467532467534,7.431119791666667,4.090634005763689,29.985380116959064,46.0,125.0,18,104.0,0.0,386.0,36,387,0.09302325581395349,67,387,0.1731266149870801,14,387,0.03617571059431524,0.2035398230088495
98195,43.469148936170214,1979.4066168623265,2008.1434782608696,2008.1575052854123,9.92454739084132,7.364572333685322,28.67163212435233,209.0,255.0,19,250.0,5.0,954.0,32,955,0.033507853403141365,61,955,0.06387434554973823,14,955,0.014659685863874346,0.0353982300884955
98198,41.88319672131148,1981.3346613545816,2010.1512605042017,2011.2270916334662,8.096850393700787,4.717142857142857,41.50880733944954,58.0,111.0,19,58.0,0.0,254.0,31,255,0.12156862745098039,52,255,0.20392156862745098,8,255,0.03137254901960784,0.0265486725663716
98199,37.688311688311686,1980.7974683544303,2010.7625,2009.7261904761904,9.96951219512195,6.3765432098765435,29.48,22.0,24.0,3,18.0,0.0,84.0,21,84,0.25,27,84,0.32142857142857145,6,84,0.07142857142857142,0.0088495575221238
98201,42.34420731707317,1978.7265009096423,2008.4254658385094,2009.4936861094407,9.759734779987944,5.461375,32.83246839654025,280.0,353.0,83,329.0,4.0,1674.0,46,1677,0.027429934406678593,121,1677,0.07215265354800239,13,1677,0.007751937984496124,0.4778761061946903
98202,46.0,1986.0,2019.0,2018.0,3.0,3.0,32.0,0.0,0.0,0,0.0,0.0,1.0,1,1,1.0,1,1,1.0,1,1,1.0,0.0088495575221238
98203,41.640226628895185,1979.473087818697,2010.2212389380531,2011.8207282913165,7.416386554621849,4.115251572327044,31.11111111111111,53.0,94.0,31,67.0,1.0,358.0,38,359,0.10584958217270195,69,359,0.19220055710306408,11,359,0.03064066852367688,0.1150442477876106
98204,41.656976744186046,1977.4193548387098,2007.273846153846,2008.4335260115606,10.34,5.834631268436579,35.00515463917526,84.0,124.0,23,123.0,1.0,351.0,32,351,0.09116809116809117,60,351,0.17094017094017094,10,351,0.02849002849002849,0.0088495575221238
98206,34.714285714285715,1972.142857142857,2004.2380952380952,2005.1052631578948,14.904761904761905,10.0,30.05263157894737,4.0,5.0,3,4.0,0.0,21.0,12,21,0.5714285714285714,13,21,0.6190476190476191,4,21,0.19047619047619047,0.5221238938053098
98208,41.88155339805825,1979.2804642166345,2008.3067729083666,2009.1529636711282,9.763862332695984,5.471374045801527,33.998868778280546,83.0,162.0,23,130.0,0.0,528.0,38,531,0.07156308851224105,78,531,0.14689265536723164,10,531,0.018832391713747645,0.2831858407079646
98209,50.0,1956.0,2010.0,2010.0,10.0,5.0,40.0,0.0,1.0,0,0.0,0.0,1.0,1,1,1.0,1,1,1.0,1,1,1.0,0.0088495575221238
98216,50.0,1988.0,2015.0,2016.0,1.0,1.0,40.0,0.0,1.0,1,0.0,0.0,1.0,1,1,1.0,1,1,1.0,1,1,1.0,0.0265486725663716
98221,43.53333333333333,1978.9968454258676,2009.6174496644296,2010.0313479623824,8.173125,4.608888888888889,31.95964912280702,60.0,57.0,17,85.0,1.0,320.0,36,322,0.11180124223602485,58,322,0.18012422360248448,10,322,0.031055900621118012,0.079646017699115
98223,41.95355191256831,1978.8109589041096,2009.806916426513,2010.2574525745258,9.033243243243243,4.7631147540983605,32.01029411764706,63.0,63.0,18,94.0,2.0,370.0,37,370,0.1,72,370,0.1945945945945946,12,370,0.032432432432432434,0.1504424778761062
98225,42.364066193853425,1978.4169303797469,2008.8763222131815,2009.6872074882995,9.095642023346302,5.24324979789814,28.086844368013757,219.0,245.0,64,339.0,12.0,1290.0,41,1291,0.031758326878388844,110,1291,0.08520526723470179,13,1291,0.010069713400464756,0.4867256637168141
98226,41.09696092619392,1979.342939481268,2009.7859477124182,2010.3744619799138,8.047988505747126,4.852852852852853,31.079804560260587,115.0,119.0,35,160.0,4.0,702.0,37,703,0.05263157894736842,95,703,0.13513513513513514,12,703,0.017069701280227598,0.1061946902654867
98228,51.0,1963.6666666666667,2001.0,1998.0,20.666666666666668,8.666666666666666,27.333333333333332,0.0,0.0,0,0.0,0.0,3.0,3,3,1.0,2,3,0.6666666666666666,1,3,0.3333333333333333,0.0088495575221238
98229,42.22,1978.5725806451612,2009.155737704918,2010.272,9.74758064516129,4.876612903225807,28.213636363636365,22.0,25.0,12,44.0,0.0,126.0,32,126,0.25396825396825395,46,126,0.36507936507936506,7,126,0.05555555555555555,0.0707964601769911
98230,40.435483870967744,1975.6949152542372,2007.2222222222222,2008.126984126984,7.75,4.76984126984127,26.64814814814815,13.0,12.0,3,18.0,0.0,64.0,15,64,0.234375,20,64,0.3125,6,64,0.09375,0.0088495575221238
98233,43.51898734177215,1978.7032258064517,2008.29375,2009.5030674846626,9.39375,5.063380281690141,31.464788732394368,33.0,37.0,9,34.0,1.0,164.0,24,164,0.14634146341463414,34,164,0.2073170731707317,6,164,0.036585365853658534,0.0707964601769911
98234,25.0,1985.5,2017.0,2017.5,4.5,4.0,49.0,0.0,1.0,0,0.0,0.0,2.0,2,2,1.0,1,2,0.5,1,2,0.5,0.0088495575221238
98239,41.14754098360656,1978.5619834710744,2009.957627118644,2009.5934959349593,6.2132231404958675,3.7449999999999997,34.65384615384615,40.0,30.0,10,27.0,0.0,125.0,26,125,0.208,37,125,0.296,6,125,0.048,0.1238938053097345
98248,41.04950495049505,1980.7830188679245,2009.1411764705883,2010.247619047619,8.716981132075471,4.614285714285714,33.09782608695652,25.0,18.0,0,33.0,0.0,106.0,21,106,0.19811320754716982,26,106,0.24528301886792453,5,106,0.04716981132075472,0.0176991150442477
98250,43.614285714285714,1975.3714285714286,2006.7014925373135,2007.0714285714287,11.025714285714285,6.0430769230769235,26.813432835820894,18.0,6.0,0,18.0,0.0,69.0,22,70,0.3142857142857143,29,70,0.4142857142857143,4,70,0.05714285714285714,0.0176991150442477
98251,40.5,1989.0,2014.5,2014.5,1.5,1.5,28.0,4.0,2.0,0,2.0,0.0,4.0,2,4,0.5,2,4,0.5,1,4,0.25,0.0088495575221238
98252,41.2,1979.6666666666667,2010.0714285714287,2011.3333333333333,8.596666666666666,4.874074074074074,26.964285714285715,4.0,1.0,5,2.0,2.0,30.0,13,30,0.43333333333333335,16,30,0.5333333333333333,2,30,0.06666666666666667,0.0176991150442477
98258,38.398809523809526,1980.558282208589,2010.5592105263158,2011.5329341317365,8.420958083832335,4.641212121212121,30.271610738255035,26.0,39.0,2,35.0,0.0,170.0,31,170,0.18235294117647058,40,170,0.23529411764705882,7,170,0.041176470588235294,0.0442477876106194
98260,44.611111111111114,1969.8,1998.8,2002.85,14.7,5.894736842105263,18.941176470588236,1.0,0.0,1,3.0,0.0,20.0,11,20,0.55,9,20,0.45,1,20,0.05,0.0088495575221238
98270,40.09217877094972,1981.8504155124654,2010.6,2011.2596685082874,8.008100558659217,5.014245014245014,33.853474320241695,77.0,91.0,19,74.0,0.0,365.0,35,365,0.0958904109589041,66,365,0.18082191780821918,8,365,0.021917808219178082,0.1238938053097345
98271,41.40425531914894,1978.6808510638298,2009.0408921933085,2010.3345195729537,8.601785714285715,4.328571428571429,33.64313725490196,51.0,67.0,19,75.0,2.0,283.0,32,285,0.11228070175438597,59,285,0.20701754385964913,9,285,0.031578947368421054,0.079646017699115
98272,41.80597014925373,1978.7251461988303,2008.2089552238806,2009.4985337243402,9.793895348837209,5.2612804878048784,33.47861842105263,46.0,77.0,20,67.0,1.0,346.0,34,347,0.09798270893371758,68,347,0.19596541786743515,9,347,0.025936599423631124,0.0442477876106194
98273,41.58181818181818,1978.2862254025044,2008.5962264150944,2010.0408525754885,8.813321492007104,5.182297551789078,31.870103092783506,89.0,141.0,29,150.0,0.0,567.0,38,567,0.06701940035273368,84,567,0.14814814814814814,11,567,0.019400352733686066,0.2566371681415929
98274,42.19083969465649,1980.1132075471698,2009.7380952380952,2009.7916666666667,8.446840148698884,4.881609195402299,34.27155172413793,51.0,81.0,16,76.0,0.0,271.0,32,271,0.11808118081180811,60,271,0.22140221402214022,9,271,0.033210332103321034,0.0707964601769911
98274-4127,50.0,1966.5,2002.0,2006.0,7.0,1.5,50.0,0.0,1.0,0,2.0,0.0,2.0,1,2,0.5,2,2,1.0,1,2,0.5,0.0088495575221238
98275,43.5,1979.8629032258063,2008.639344262295,2010.452380952381,8.609375,5.046721311475411,32.11575221238938,20.0,38.0,10,23.0,1.0,129.0,29,129,0.2248062015503876,38,129,0.29457364341085274,8,129,0.06201550387596899,0.0353982300884955
98277,38.63898916967509,1977.2372262773722,2009.107142857143,2009.927797833935,8.681949458483755,5.330855018587361,39.28523622047244,62.0,41.0,18,65.0,1.0,282.0,32,282,0.11347517730496454,54,282,0.19148936170212766,7,282,0.024822695035460994,0.1238938053097345
98284,41.63013698630137,1978.2739726027398,2008.4563106796118,2009.054794520548,9.61590909090909,6.084183673469388,32.79896907216495,42.0,49.0,15,45.0,0.0,223.0,29,224,0.12946428571428573,49,224,0.21875,6,224,0.026785714285714284,0.0088495575221238
98290,41.007751937984494,1979.301886792453,2008.077519379845,2009.0751879699249,9.5893536121673,5.898098859315589,32.96743697478992,34.0,60.0,5,57.0,0.0,266.0,34,267,0.12734082397003746,60,267,0.2247191011235955,9,267,0.033707865168539325,0.079646017699115
98292,42.470238095238095,1978.4759036144578,2009.4615384615386,2008.8690476190477,9.07869822485207,4.8982035928143715,33.47651006711409,36.0,26.0,8,25.0,1.0,169.0,29,169,0.17159763313609466,42,169,0.2485207100591716,7,169,0.04142011834319527,0.0442477876106194
98294,42.57692307692308,1982.4615384615386,2010.6538461538462,2010.2692307692307,8.461538461538462,6.153846153846154,30.333333333333332,9.0,8.0,1,4.0,0.0,26.0,11,26,0.4230769230769231,9,26,0.34615384615384615,4,26,0.15384615384615385,0.0088495575221238
98310,42.32710280373832,1978.9130434782608,2009.112582781457,2009.6748466257668,8.678703703703704,5.476051779935275,37.66103202846975,55.0,70.0,21,99.0,1.0,329.0,30,330,0.09090909090909091,65,330,0.19696969696969696,11,330,0.03333333333333333,0.2035398230088495
98311,42.55692307692308,1980.287037037037,2009.512658227848,2012.223241590214,7.074242424242424,5.718181818181818,32.225752508361204,43.0,64.0,40,76.0,3.0,332.0,30,332,0.09036144578313253,47,332,0.14156626506024098,14,332,0.04216867469879518,0.0973451327433628
98312,41.76836158192091,1976.6914285714286,2008.30625,2009.4887640449438,8.789606741573033,4.611271676300578,32.71383647798742,23.0,41.0,11,42.0,0.0,180.0,31,180,0.17222222222222222,48,180,0.26666666666666666,8,180,0.044444444444444446,0.0353982300884955
98327,39.95652173913044,1981.7021276595744,2009.127659574468,2009.5416666666667,8.989583333333334,4.7,34.263888888888886,13.0,11.0,1,6.0,0.0,48.0,13,48,0.2708333333333333,14,48,0.2916666666666667,4,48,0.08333333333333333,0.0088495575221238
98329,47.76923076923077,1974.3076923076924,2001.8461538461538,2000.0,19.53846153846154,14.153846153846153,37.166666666666664,3.0,1.0,0,4.0,0.0,13.0,4,13,0.3076923076923077,5,13,0.38461538461538464,3,13,0.23076923076923078,0.0088495575221238
98331,41.146067415730336,1980.3,2012.0963855421687,2010.8111111111111,6.862637362637362,4.3895348837209305,27.898809523809526,24.0,7.0,8,23.0,1.0,90.0,20,92,0.21739130434782608,21,92,0.22826086956521738,8,92,0.08695652173913043,0.0176991150442477
98332,41.44074074074074,1978.724907063197,2009.0481927710844,2009.1666666666667,9.166666666666666,4.4762962962962956,33.76008064516129,44.0,38.0,15,56.0,0.0,272.0,31,272,0.11397058823529412,57,272,0.20955882352941177,11,272,0.04044117647058824,0.0442477876106194
98335,40.6324200913242,1976.0616438356165,2008.760975609756,2009.116972477064,9.559276018099547,4.794533029612757,30.943069306930692,76.0,60.0,21,100.0,2.0,445.0,40,445,0.0898876404494382,73,445,0.16404494382022472,13,445,0.029213483146067417,0.1946902654867256
98337,39.714285714285715,1979.171052631579,2009.5466666666666,2010.9324324324325,8.727272727272727,4.988,30.457142857142856,17.0,16.0,5,14.0,0.0,77.0,20,77,0.2597402597402597,27,77,0.35064935064935066,6,77,0.07792207792207792,0.0265486725663716
98338,41.7,1980.0,2008.5128205128206,2009.5802469135801,9.697530864197532,6.44375,31.363013698630137,11.0,13.0,1,17.0,0.0,81.0,21,81,0.25925925925925924,23,81,0.2839506172839506,5,81,0.06172839506172839,0.0176991150442477
98339,43.82608695652174,1975.6666666666667,2005.625,2005.7083333333333,13.166666666666666,8.5625,33.333333333333336,2.0,2.0,0,9.0,1.0,24.0,8,24,0.3333333333333333,11,24,0.4583333333333333,2,24,0.08333333333333333,0.0088495575221238
98346,40.717948717948715,1976.5897435897436,2005.945945945946,2006.5,10.4625,4.4875,66.8108108108108,9.0,10.0,1,18.0,0.0,40.0,20,40,0.5,20,40,0.5,4,40,0.1,0.0176991150442477
98354,39.16949152542373,1982.9122807017543,2012.090909090909,2012.1833333333334,6.910714285714286,4.333333333333333,31.0,10.0,13.0,2,10.0,0.0,60.0,19,60,0.31666666666666665,20,60,0.3333333333333333,6,60,0.1,0.0265486725663716
98356,42.3921568627451,1976.02,2005.5531914893618,2004.4038461538462,12.673076923076923,7.232692307692308,30.477777777777778,11.0,2.0,1,8.0,0.0,52.0,17,52,0.3269230769230769,19,52,0.36538461538461536,2,52,0.038461538461538464,0.0265486725663716
98359,47.416666666666664,1970.5833333333333,2011.25,2010.6666666666667,10.0,5.916666666666667,18.2,0.0,4.0,1,2.0,0.0,12.0,6,12,0.5,6,12,0.5,1,12,0.08333333333333333,0.0088495575221238
98362,44.18780487804878,1976.6446078431372,2008.3009950248756,2008.6271186440679,8.626456310679611,5.286567164179104,38.47074468085106,102.0,58.0,26,121.0,0.0,416.0,35,417,0.08393285371702638,73,417,0.1750599520383693,10,417,0.023980815347721823,0.1504424778761062
98366,43.59205128205129,1977.328244274809,2008.150684931507,2008.8838383838383,9.387909319899244,4.623076923076923,33.47222222222222,77.0,62.0,23,84.0,0.0,400.0,35,400,0.0875,64,400,0.16,9,400,0.0225,0.1415929203539823
98367,47.0875,1972.3,2001.835616438356,2008.1645569620252,13.164556962025317,6.224489795918367,38.78333333333333,15.0,7.0,3,22.0,0.0,80.0,19,80,0.2375,23,80,0.2875,5,80,0.0625,0.0088495575221238
98368,43.8755364806867,1972.5826086956522,2006.9140271493213,2006.8025751072962,9.095744680851064,5.328070175438596,30.344660194174757,54.0,34.0,18,72.0,1.0,237.0,33,237,0.13924050632911392,57,237,0.24050632911392406,7,237,0.029535864978902954,0.079646017699115
98370,42.054140127388536,1977.0287539936103,2007.9094076655051,2008.0599369085173,10.852380952380953,5.859365079365079,30.485494880546074,67.0,48.0,8,82.0,2.0,318.0,35,318,0.11006289308176101,57,318,0.1792452830188679,10,318,0.031446540880503145,0.0884955752212389
98371,43.01190476190476,1978.2411764705882,2008.4906832298136,2009.8095238095239,10.702941176470588,6.294303797468355,31.456953642384107,31.0,34.0,7,41.0,0.0,170.0,30,171,0.17543859649122806,48,171,0.2807017543859649,7,171,0.04093567251461988,0.0619469026548672
98372,41.35737704918033,1981.3290460878886,2010.9484173505275,2011.165948275862,7.399390537634409,4.308854364640884,33.387297633872976,156.0,196.0,43,219.0,6.0,936.0,36,937,0.0384204909284952,84,937,0.08964781216648879,15,937,0.016008537886873,0.1858407079646017
98373,42.32658959537572,1979.9277456647399,2009.3869969040247,2009.567335243553,9.6835734870317,4.872093023255814,32.317460317460316,63.0,90.0,22,109.0,2.0,351.0,38,351,0.10826210826210826,61,351,0.1737891737891738,8,351,0.022792022792022793,0.2123893805309734
98374,41.888489208633096,1980.3964285714285,2009.9961089494163,2010.4432624113474,8.233333333333333,4.070921985815603,32.514227642276424,53.0,76.0,20,50.0,2.0,285.0,33,285,0.11578947368421053,55,285,0.19298245614035087,8,285,0.028070175438596492,0.0530973451327433
98375,42.133971291866025,1980.4669811320755,2008.7835051546392,2010.0833333333333,8.622685185185185,4.774193548387097,32.46907216494845,40.0,55.0,5,53.0,0.0,218.0,30,218,0.13761467889908258,45,218,0.20642201834862386,8,218,0.03669724770642202,0.0884955752212389
98382,41.98540145985402,1974.4448529411766,2006.5098039215686,2006.8690909090908,9.794945054945055,4.317591240875912,31.530864197530864,48.0,43.0,12,79.0,2.0,276.0,27,276,0.09782608695652174,53,276,0.19202898550724637,7,276,0.025362318840579712,0.0884955752212389
98383,41.46646795827124,1978.5668135095448,2008.2987616099072,2009.013274336283,9.693906020558003,5.476509572901326,33.085406301824214,115.0,130.0,37,185.0,1.0,688.0,45,688,0.06540697674418605,94,688,0.13662790697674418,10,688,0.014534883720930232,0.2654867256637168
98387,41.62658227848101,1981.5,2011.9290322580646,2011.0122699386502,6.059006211180124,3.751592356687898,34.91438356164384,43.0,52.0,13,43.0,2.0,163.0,30,163,0.18404907975460122,36,163,0.22085889570552147,9,163,0.05521472392638037,0.0353982300884955
98390,43.37373737373738,1981.19,2008.9052631578948,2009.7941176470588,8.051020408163266,3.2739999999999996,32.53157894736842,22.0,21.0,7,30.0,2.0,102.0,23,102,0.22549019607843138,33,102,0.3235294117647059,6,102,0.058823529411764705,0.0265486725663716
98391,41.53448275862069,1980.082251082251,2008.255924170616,2008.7820512820513,10.375965665236052,5.158441558441558,32.473684210526315,52.0,56.0,4,59.0,0.0,234.0,33,234,0.14102564102564102,55,234,0.23504273504273504,8,234,0.03418803418803419,0.0619469026548672
98401,43.25,1974.75,2006.375,2005.875,11.125,10.2625,32.375,1.0,3.0,0,3.0,0.0,8.0,6,8,0.75,6,8,0.75,2,8,0.25,0.3185840707964602
98402,42.87719298245614,1977.361111111111,2010.0701754385964,2011.712802768166,8.462587412587414,4.549395161290323,29.11787072243346,44.0,51.0,18,74.0,2.0,288.0,30,290,0.10344827586206896,62,290,0.21379310344827587,10,290,0.034482758620689655,0.1504424778761062
98403,43.03787878787879,1980.4885496183206,2009.424,2010.3939393939395,9.18421052631579,4.599242424242425,31.274193548387096,34.0,25.0,6,27.0,0.0,133.0,29,133,0.21804511278195488,43,133,0.3233082706766917,7,133,0.05263157894736842,0.0176991150442477
98404,42.52571428571429,1980.1028571428571,2009.012658227848,2010.4829545454545,9.488636363636363,5.067428571428571,33.26129032258064,32.0,45.0,11,39.0,0.0,176.0,29,176,0.16477272727272727,41,176,0.23295454545454544,12,176,0.06818181818181818,0.0088495575221238
98405,42.18088151116199,1979.795351473923,2008.2260115606937,2009.956204379562,9.196922216004477,5.64661214953271,39.9920814479638,333.0,444.0,107,433.0,5.0,1792.0,42,1795,0.0233983286908078,114,1795,0.06350974930362117,20,1795,0.011142061281337047,0.4336283185840708
98406,42.549549549549546,1980.6909090909091,2009.980487804878,2010.1466666666668,9.1570796460177,5.298173515981735,31.02051282051282,28.0,43.0,9,50.0,0.0,228.0,33,228,0.14473684210526316,59,228,0.25877192982456143,8,228,0.03508771929824561,0.0707964601769911
98407,39.0863309352518,1979.9855072463768,2010.731884057971,2011.7913669064749,7.16726618705036,3.4077981651376144,28.543307086614174,30.0,33.0,13,28.0,1.0,138.0,24,139,0.17266187050359713,43,139,0.30935251798561153,8,139,0.05755395683453238,0.0265486725663716
98408,38.77391304347826,1979.4957983193278,2010.6826923076924,2011.1101694915253,9.557142857142857,5.925233644859813,52.29,17.0,32.0,6,30.0,1.0,119.0,26,119,0.2184873949579832,26,119,0.2184873949579832,6,119,0.05042016806722689,0.1061946902654867
98409,42.14842300556586,1979.062962962963,2009.0983263598325,2009.5581818181818,9.027007299270073,4.433519553072626,33.38726513569937,123.0,118.0,21,151.0,2.0,552.0,39,552,0.07065217391304347,79,552,0.1431159420289855,13,552,0.02355072463768116,0.415929203539823
98415,37.72727272727273,1975.6363636363637,2006.9545454545455,2005.7272727272727,9.518181818181818,6.654545454545455,29.076923076923077,2.0,4.0,1,7.0,0.0,22.0,11,22,0.5,18,22,0.8181818181818182,3,22,0.13636363636363635,2.1769911504424777
98418,40.048780487804876,1975.3048780487804,2010.632911392405,2010.9268292682927,9.475609756097562,4.580246913580247,30.810606060606062,16.0,23.0,6,20.0,0.0,83.0,17,83,0.20481927710843373,22,83,0.26506024096385544,7,83,0.08433734939759036,0.0088495575221238
98421,46.0,1975.96,2007.2,2005.8,12.64,3.64,30.045454545454547,0.0,3.0,0,6.0,0.0,25.0,10,25,0.4,12,25,0.48,4,25,0.16,0.0176991150442477
98424,44.835443037974684,1974.5454545454545,2007.3150684931506,2009.4545454545455,9.743589743589743,5.3566666666666665,34.53731343283582,6.0,18.0,8,24.0,0.0,79.0,18,79,0.22784810126582278,25,79,0.31645569620253167,8,79,0.10126582278481013,0.0088495575221238
98431,44.851063829787236,1976.3015873015872,2007.8926553672316,2007.3386243386244,9.439784946236559,6.397872340425532,33.93714285714286,83.0,42.0,2,92.0,1.0,190.0,27,190,0.14210526315789473,28,190,0.14736842105263157,11,190,0.05789473684210526,0.0176991150442477
98444,41.15234375,1979.6078431372548,2008.9516129032259,2009.8346153846153,9.1544061302682,4.327952755905511,32.935344827586206,53.0,80.0,10,65.0,0.0,264.0,31,264,0.11742424242424243,50,264,0.1893939393939394,10,264,0.03787878787878788,0.0707964601769911
98445,45.888888888888886,1979.7567567567567,2010.2058823529412,2010.918918918919,8.17142857142857,4.230555555555556,36.916666666666664,10.0,17.0,0,8.0,0.0,38.0,18,38,0.47368421052631576,19,38,0.5,6,38,0.15789473684210525,0.0353982300884955
98446,40.0,1980.7272727272727,2012.5238095238096,2013.047619047619,8.0,4.545454545454546,32.19444444444444,4.0,4.0,1,3.0,0.0,22.0,13,22,0.5909090909090909,15,22,0.6818181818181818,3,22,0.13636363636363635,0.0088495575221238
98447-0003,40.0,1970.0,1998.0,2001.0,14.0,9.0,18.0,0.0,0.0,0,0.0,0.0,1.0,1,1,1.0,1,1,1.0,1,1,1.0,0.0088495575221238
98456,40.0,1997.0,2015.0,2020.0,1.0,1.0,35.0,0.0,0.0,0,0.0,0.0,1.0,1,1,1.0,1,1,1.0,1,1,1.0,0.0088495575221238
98465,39.58196721311475,1983.5284552845528,2013.186274509804,2012.844262295082,5.904958677685951,1.8903508771929824,30.795238095238094,25.0,30.0,3,20.0,2.0,123.0,21,123,0.17073170731707318,28,123,0.22764227642276422,8,123,0.06504065040650407,0.0088495575221238
98466,42.12020460358056,1978.632241813602,2008.5824742268042,2009.8064516129032,9.746725440806046,4.8981432360742705,36.327949438202246,70.0,92.0,27,84.0,2.0,404.0,36,404,0.0891089108910891,76,404,0.18811881188118812,13,404,0.03217821782178218,0.1769911504424778
98467,44.2247191011236,1976.112359550562,2008.3647058823528,2008.9777777777779,10.544943820224718,5.348837209302325,31.404761904761905,11.0,28.0,14,25.0,0.0,90.0,28,90,0.3111111111111111,33,90,0.36666666666666664,6,90,0.06666666666666667,0.0442477876106194
98493,45.54074074074074,1973.8208955223881,2005.6268656716418,2006.9097744360902,10.088235294117647,6.637777777777778,29.894957983193276,33.0,21.0,1,56.0,0.0,136.0,23,136,0.16911764705882354,30,136,0.22058823529411764,7,136,0.051470588235294115,0.0265486725663716
98495,50.0,1981.3333333333333,2014.3333333333333,2016.0,5.0,3.0,31.666666666666668,0.0,0.0,0,1.0,0.0,3.0,3,3,1.0,3,3,1.0,2,3,0.6666666666666666,0.0088495575221238
98498,44.07223476297968,1977.6756756756756,2009.1043083900227,2010.9822616407982,8.595540838852097,6.488084507042253,32.04483695652174,73.0,114.0,36,153.0,1.0,454.0,27,457,0.05908096280087528,60,457,0.13129102844638948,13,457,0.028446389496717725,0.0530973451327433
98498-4798,48.0,1962.0,2000.0,2008.0,37.0,15.0,20.0,0.0,0.0,0,1.0,0.0,1.0,1,1,1.0,1,1,1.0,1,1,1.0,0.0088495575221238
98499,41.77210884353742,1979.4731543624162,2010.8689407540394,2011.6392617449665,7.699831932773109,4.485612788632327,33.68571428571428,110.0,182.0,51,185.0,3.0,603.0,37,604,0.061258278145695365,88,604,0.1456953642384106,16,604,0.026490066225165563,0.3982300884955752
98501,38.421052631578945,1978.536231884058,2008.9852071005917,2009.386167146974,9.401734104046243,5.310650887573964,31.110738255033556,74.0,52.0,17,103.0,2.0,349.0,37,349,0.10601719197707736,67,349,0.19197707736389685,10,349,0.02865329512893983,0.0973451327433628
98502,42.224,1978.1337325349302,2009.1068548387098,2009.2436149312377,9.120512820512822,5.0091786447638595,44.569098712446355,106.0,84.0,21,149.0,5.0,510.0,39,510,0.07647058823529412,77,510,0.15098039215686274,11,510,0.021568627450980392,0.5221238938053098
98503,42.06692160611855,1978.766917293233,2010.7741312741314,2011.0641509433963,7.934803001876173,4.455940594059406,31.246822033898304,111.0,119.0,52,111.0,3.0,536.0,42,538,0.07806691449814127,84,538,0.15613382899628253,14,538,0.026022304832713755,0.168141592920354
98504,45.18181818181818,1971.4,2007.4545454545455,2009.5454545454545,10.454545454545455,5.909090909090909,32.142857142857146,3.0,0.0,0,5.0,1.0,11.0,8,11,0.7272727272727273,8,11,0.7272727272727273,2,11,0.18181818181818182,0.0088495575221238
98506,42.07700101317123,1979.3370221327968,2008.846394984326,2009.2088353413656,9.56893106893107,5.833751295336787,33.68017621145374,222.0,190.0,41,274.0,3.0,1009.0,44,1010,0.04356435643564356,99,1010,0.09801980198019802,13,1010,0.01287128712871287,0.3274336283185841
98507,39.55555555555556,1979.25,2007.6666666666667,2007.888888888889,9.666666666666666,6.333333333333333,31.428571428571427,3.0,1.0,0,2.0,0.0,9.0,8,9,0.8888888888888888,8,9,0.8888888888888888,1,9,0.1111111111111111,0.0265486725663716
98509,50.0,1979.5,2015.5,2009.5,9.5,2.0,20.0,1.0,1.0,1,1.0,0.0,2.0,2,2,1.0,2,2,1.0,2,2,1.0,0.0353982300884955
98511,26.5,1978.0,2009.0,2014.5,3.5,3.5,0.0,0.0,0.0,0,0.0,0.0,2.0,2,2,1.0,2,2,1.0,1,2,0.5,0.0088495575221238
98512,41.49302325581395,1979.9672897196263,2010.1650485436894,2010.7762557077626,8.73409090909091,4.21875,29.788770053475936,39.0,32.0,15,63.0,0.0,219.0,35,220,0.1590909090909091,52,220,0.23636363636363636,9,220,0.04090909090909091,0.0707964601769911
98513,37.20967741935484,1979.15,2008.322033898305,2009.3809523809523,9.333333333333334,4.612903225806452,32.340425531914896,22.0,12.0,4,8.0,1.0,64.0,21,64,0.328125,25,64,0.390625,8,64,0.125,0.0176991150442477
98516,42.76521739130435,1980.8427947598254,2010.0401785714287,2011.4070796460178,8.018859649122806,4.081057268722467,35.367149758454104,53.0,54.0,14,58.0,2.0,230.0,35,230,0.15217391304347827,55,230,0.2391304347826087,9,230,0.0391304347826087,0.1946902654867256
98520,41.890076335877865,1977.6934865900382,2009.616935483871,2010.6818181818182,8.701503759398497,5.597402597402597,33.6528384279476,38.0,50.0,28,79.0,0.0,269.0,35,269,0.13011152416356878,63,269,0.2342007434944238,8,269,0.02973977695167286,0.2212389380530973
98528,42.464285714285715,1977.2280701754387,2008.1818181818182,2008.9833333333333,10.65,5.3474576271186445,35.87234042553192,8.0,8.0,4,9.0,0.0,60.0,19,60,0.31666666666666665,25,60,0.4166666666666667,5,60,0.08333333333333333,0.0088495575221238
98531,43.50122249388753,1980.8746987951806,2010.8077922077923,2011.707729468599,7.311686746987951,4.864959568733154,35.10635359116022,79.0,71.0,30,109.0,2.0,417.0,34,417,0.0815347721822542,76,417,0.18225419664268586,9,417,0.02158273381294964,0.079646017699115
98532,43.40329218106996,1979.702479338843,2011.5394190871368,2012.5469387755102,7.619918699186992,4.236238532110092,32.89906103286385,30.0,35.0,14,60.0,1.0,246.0,35,246,0.14227642276422764,53,246,0.21544715447154472,8,246,0.032520325203252036,0.0884955752212389
98541,45.24,1981.2666666666667,2009.0972222222222,2009.4133333333334,9.353333333333333,3.680263157894737,33.419117647058826,12.0,10.0,4,14.0,0.0,76.0,22,76,0.2894736842105263,27,76,0.35526315789473684,5,76,0.06578947368421052,0.0530973451327433
98550,41.5,1977.4155844155844,2008.9344262295083,2010.8076923076924,9.115584415584415,5.093243243243243,34.42253521126761,21.0,18.0,5,17.0,0.0,78.0,17,78,0.21794871794871795,24,78,0.3076923076923077,5,78,0.0641025641025641,0.0176991150442477
98563,43.775510204081634,1980.4166666666667,2010.2093023255813,2012.3061224489795,6.653061224489796,5.031818181818182,30.121951219512194,12.0,5.0,2,8.0,0.0,48.0,20,49,0.40816326530612246,22,49,0.4489795918367347,5,49,0.10204081632653061,0.0088495575221238
98564,49.0,1974.5,2000.5,2020.0,12.0,12.0,34.0,1.0,1.0,0,0.0,0.0,2.0,2,2,1.0,2,2,1.0,1,2,0.5,0.0088495575221238
98565,45.5,1981.5,2010.0,2013.5,6.5,3.5,26.5,2.0,0.0,0,1.0,0.0,4.0,4,4,1.0,4,4,1.0,1,4,0.25,0.0088495575221238
98569,42.785714285714285,1973.9310344827586,2007.9130434782608,2009.7931034482758,9.446428571428571,5.625,30.104166666666668,9.0,7.0,2,9.0,0.0,29.0,15,29,0.5172413793103449,17,29,0.5862068965517241,3,29,0.10344827586206896,0.0176991150442477
98577,45.457142857142856,1976.2,2010.0714285714287,2009.8,11.426470588235293,5.21875,33.36363636363637,3.0,3.0,6,6.0,0.0,35.0,16,35,0.45714285714285713,15,35,0.42857142857142855,4,35,0.11428571428571428,0.0176991150442477
98584,42.752767527675275,1979.0620437956204,2009.6802973977694,2010.5434782608695,8.845289855072464,5.5488326848249026,32.9163179916318,49.0,48.0,19,72.0,0.0,277.0,36,278,0.12949640287769784,65,278,0.23381294964028776,8,278,0.02877697841726619,0.1150442477876106
98586,46.125,1975.1304347826087,2005.7,2006.375,9.479166666666666,5.4375,35.61904761904762,9.0,6.0,0,8.0,0.0,24.0,11,24,0.4583333333333333,12,24,0.5,3,24,0.125,0.0088495575221238
98595,39.857142857142854,1978.5714285714287,2007.142857142857,2007.7142857142858,6.166666666666667,5.142857142857143,33.285714285714285,0.0,4.0,1,0.0,0.0,7.0,4,7,0.5714285714285714,4,7,0.5714285714285714,2,7,0.2857142857142857,0.0088495575221238
98596,26.0,1987.5,2013.25,2013.25,6.666666666666667,2.75,88.0,0.0,0.0,0,0.0,0.0,4.0,2,4,0.5,4,4,1.0,1,4,0.25,0.0265486725663716
98597,44.621848739495796,1980.3629032258063,2010.6339285714287,2011.7377049180327,7.371544715447155,4.0058823529411764,36.433035714285715,23.0,23.0,7,17.0,0.0,123.0,26,124,0.20967741935483872,31,124,0.25,8,124,0.06451612903225806,0.0265486725663716
98604,41.00395256916996,1979.8700787401574,2009.4362139917696,2009.6482213438735,8.198814229249013,4.1137450199203185,30.554529147982063,105.0,53.0,13,50.0,0.0,255.0,34,255,0.13333333333333333,59,255,0.23137254901960785,9,255,0.03529411764705882,0.0265486725663716
98607,42.06716417910448,1978.825925925926,2008.903474903475,2008.7007299270074,8.06043956043956,5.146268656716418,28.790983606557376,109.0,64.0,9,87.0,0.0,275.0,34,276,0.12318840579710146,56,276,0.2028985507246377,7,276,0.025362318840579712,0.0265486725663716
98611,40.92307692307692,1975.7692307692307,2006.6923076923076,2005.923076923077,11.038461538461538,2.8076923076923075,29.727272727272727,2.0,3.0,1,3.0,0.0,13.0,8,13,0.6153846153846154,8,13,0.6153846153846154,2,13,0.15384615384615385,0.0088495575221238
98620,45.0,1979.111111111111,2009.1147540983607,2009.3387096774193,5.365079365079365,4.016129032258065,32.280701754385966,31.0,13.0,5,24.0,1.0,62.0,21,63,0.3333333333333333,24,63,0.38095238095238093,4,63,0.06349206349206349,0.0442477876106194
98624,42.65714285714286,1976.8285714285714,2004.1176470588234,2006.1764705882354,9.585714285714285,5.161764705882353,33.53333333333333,11.0,8.0,1,11.0,0.0,35.0,15,35,0.42857142857142855,15,35,0.42857142857142855,5,35,0.14285714285714285,0.0088495575221238
98626,42.601941747572816,1980.132075471698,2011.4811320754718,2012.5523809523809,6.796116504854369,4.630927835051546,32.39325842696629,33.0,15.0,8,18.0,0.0,106.0,21,106,0.19811320754716982,34,106,0.32075471698113206,6,106,0.05660377358490566,0.0530973451327433
98631,48.75,1971.7142857142858,2005.7941176470588,2008.046511627907,9.333333333333334,5.8088235294117645,27.435897435897434,16.0,5.0,5,7.0,0.0,43.0,19,43,0.4418604651162791,18,43,0.4186046511627907,3,43,0.06976744186046512,0.0176991150442477
98632,42.267515923566876,1978.9649681528663,2009.1155943293347,2009.9650423728813,8.716207627118644,5.683050847457627,33.5734394124847,256.0,146.0,60,249.0,3.0,957.0,42,958,0.04384133611691023,99,958,0.10334029227557412,11,958,0.011482254697286013,0.2212389380530973
98640,43.333333333333336,1965.9166666666667,2004.4166666666667,2007.5,10.416666666666666,3.1,31.416666666666668,1.0,2.0,0,4.0,0.0,12.0,7,12,0.5833333333333334,8,12,0.6666666666666666,3,12,0.25,0.0442477876106194
98642,42.56962025316456,1979.1645569620252,2010.6623376623377,2011.0,8.567073170731707,3.798780487804878,31.21917808219178,18.0,7.0,6,16.0,0.0,83.0,21,83,0.25301204819277107,31,83,0.37349397590361444,5,83,0.060240963855421686,0.0265486725663716
98660,43.75431034482759,1978.872340425532,2009.8663793103449,2011.6,7.361276595744681,4.359223300970874,23.934272300469484,101.0,26.0,10,57.0,1.0,236.0,27,236,0.11440677966101695,49,236,0.2076271186440678,7,236,0.029661016949152543,0.0530973451327433
98661,43.71803852889667,1977.2202797202797,2009.2476894639556,2010.4947916666667,8.076724137931034,5.151434034416826,29.508823529411764,204.0,104.0,44,119.0,3.0,584.0,35,584,0.059931506849315065,80,584,0.136986301369863,9,584,0.015410958904109588,0.0884955752212389
98662,42.34234234234234,1979.9082774049216,2010.2517482517483,2010.6355555555556,6.873873873873874,4.216129032258064,31.430555555555557,174.0,99.0,20,121.0,0.0,451.0,35,452,0.07743362831858407,83,452,0.1836283185840708,10,452,0.022123893805309734,0.0973451327433628
98663,43.11969111969112,1978.6590038314175,2010.468253968254,2010.8192307692307,8.070610687022901,4.635546875,27.60282258064516,97.0,39.0,15,66.0,1.0,263.0,30,263,0.11406844106463879,54,263,0.20532319391634982,7,263,0.026615969581749048,0.0707964601769911
98664,41.67172413793104,1981.5655172413792,2009.8649025069637,2010.3256445047489,7.49414030261348,5.370374479889043,35.598112633181124,297.0,157.0,31,184.0,5.0,740.0,35,742,0.04716981132075472,76,742,0.10242587601078167,12,742,0.016172506738544475,0.168141592920354
98665,42.203647416413375,1977.6996996996997,2009.355828220859,2009.401179941003,8.521621621621621,5.348502994011977,31.663398692810457,145.0,86.0,16,73.0,1.0,339.0,32,339,0.0943952802359882,60,339,0.17699115044247787,10,339,0.029498525073746312,0.1238938053097345
98668,43.55882352941177,1971.7058823529412,2003.6176470588234,2003.0882352941176,14.941176470588236,9.823529411764707,33.51724137931034,19.0,2.0,3,2.0,0.0,34.0,9,34,0.2647058823529412,14,34,0.4117647058823529,3,34,0.08823529411764706,0.0088495575221238
98671,42.97402597402598,1981.16,2011.2207792207791,2011.051948051948,6.674683544303797,3.93974358974359,32.29577464788732,37.0,13.0,1,14.0,0.0,78.0,18,79,0.22784810126582278,25,79,0.31645569620253167,5,79,0.06329113924050633,0.0176991150442477
98672,42.20192307692308,1976.2952380952381,2006.5263157894738,2007.7692307692307,9.382857142857143,7.176699029126214,29.57894736842105,66.0,14.0,5,27.0,0.0,105.0,24,105,0.22857142857142856,31,105,0.29523809523809524,2,105,0.01904761904761905,0.0176991150442477
98682,43.0565371024735,1977.922261484099,2008.5641025641025,2008.0035211267605,8.998951048951048,6.156537102473498,31.28714859437751,158.0,63.0,20,59.0,0.0,287.0,36,288,0.125,63,288,0.21875,7,288,0.024305555555555556,0.3008849557522124
98683,41.727694090382386,1980.8780207134637,2009.8859857482184,2010.4217142857142,6.5136781609195396,4.362586206896552,30.478346456692915,435.0,181.0,30,216.0,1.0,883.0,38,884,0.042986425339366516,83,884,0.09389140271493213,11,884,0.012443438914027148,1.247787610619469
98684,42.43001686340641,1978.1569282136895,2008.1433389544688,2009.0995024875622,8.57487520798669,5.294314381270903,32.134436493738825,305.0,111.0,14,156.0,1.0,607.0,40,607,0.06589785831960461,82,607,0.13509060955518945,10,607,0.016474464579901153,0.2743362831858407
98685,42.72463768115942,1978.1923076923076,2008.2673267326732,2009.5545023696682,8.357142857142858,5.060679611650485,28.537037037037038,87.0,41.0,7,33.0,1.0,212.0,27,212,0.12735849056603774,45,212,0.21226415094339623,6,212,0.02830188679245283,0.0176991150442477
98686,42.49241603466955,1979.275565123789,2008.8091517857142,2009.025641025641,8.066204690831556,5.097758804695838,32.07390011890607,456.0,173.0,39,262.0,0.0,947.0,36,947,0.03801478352692714,89,947,0.09398099260823653,10,947,0.010559662090813094,0.1415929203539823
98687,33.333333333333336,1970.6666666666667,1997.3333333333333,1996.6666666666667,2.6666666666666665,8.666666666666666,24.471768741534547,3.0,0.0,0,1.0,0.0,3.0,1,3,0.3333333333333333,2,3,0.6666666666666666,2,3,0.6666666666666666,0.0353982300884955
98693,50.0,1983.0,2013.0,2015.0,6.0,6.0,32.0,1.0,0.0,0,0.0,0.0,1.0,1,1,1.0,1,1,1.0,1,1,1.0,0.0088495575221238
98801,42.65199600798403,1980.5724206349207,2009.8695652173913,2010.3835616438357,8.577375122428991,5.656485355648536,34.18301339285714,194.0,336.0,63,263.0,1.0,1030.0,42,1030,0.040776699029126215,101,1030,0.09805825242718447,10,1030,0.009708737864077669,0.2566371681415929
98802,42.51063829787234,1978.3858695652175,2006.8142076502731,2007.544502617801,11.400523560209423,7.059459459459459,31.920454545454547,42.0,67.0,7,55.0,0.0,191.0,30,192,0.15625,46,192,0.23958333333333334,5,192,0.026041666666666668,0.0442477876106194
98807,50.5,1961.5,2015.0,2015.0,4.5,4.5,38.0,1.0,2.0,0,2.0,0.0,2.0,2,2,1.0,2,2,1.0,1,2,0.5,0.0176991150442477
98812,42.5,1979.7428571428572,2005.5714285714287,2007.4857142857143,11.823529411764707,6.885714285714286,30.392857142857142,8.0,17.0,4,8.0,0.0,35.0,13,35,0.37142857142857144,14,35,0.4,2,35,0.05714285714285714,0.0088495575221238
98816,39.078947368421055,1973.7763157894738,2005.2957746478874,2005.8684210526317,10.928571428571429,6.415584415584416,28.31967213114754,16.0,25.0,4,22.0,0.0,76.0,24,77,0.3116883116883117,30,77,0.38961038961038963,4,77,0.05194805194805195,0.0088495575221238
98823,43.25,1981.7123287671234,2009.8382352941176,2010.2533333333333,8.958333333333334,4.633333333333334,35.976190476190474,10.0,24.0,10,20.0,0.0,75.0,22,75,0.29333333333333333,22,75,0.29333333333333333,3,75,0.04,0.0176991150442477
98837,42.34978540772532,1981.7679324894514,2010.7389380530974,2010.7632135306553,8.571702127659574,4.989772727272728,34.70566502463054,86.0,159.0,41,138.0,3.0,476.0,36,478,0.07531380753138076,79,478,0.16527196652719664,9,478,0.01882845188284519,0.079646017699115
98840,39.80952380952381,1984.5652173913043,2013.6818181818182,2014.5652173913043,3.5434782608695654,2.175,30.473684210526315,5.0,10.0,3,10.0,0.0,23.0,9,23,0.391304347826087,9,23,0.391304347826087,3,23,0.13043478260869565,0.0088495575221238
98855,39.78846153846154,1977.2641509433963,2005.0961538461538,2005.6792452830189,13.075471698113208,4.981132075471698,31.884615384615383,4.0,16.0,1,9.0,0.0,53.0,11,53,0.20754716981132076,15,53,0.2830188679245283,1,53,0.018867924528301886,0.0088495575221238
98858,51.0,1984.0,2006.5,2012.5,6.0,3.0,30.0,0.0,0.0,1,0.0,0.0,2.0,2,2,1.0,2,2,1.0,1,2,0.5,0.0088495575221238
98901,42.666666666666664,1978.0353982300885,2008.0380952380951,2007.5418502202642,9.641409691629956,4.168292682926829,30.283236994219653,55.0,108.0,22,68.0,3.0,226.0,28,229,0.1222707423580786,57,229,0.24890829694323144,7,229,0.03056768558951965,0.0530973451327433
98902,42.326295585412666,1980.4259789875837,2009.875,2010.0762631077216,9.065042573320719,5.785758835758835,35.48827699018539,215.0,359.0,76,321.0,5.0,1066.0,41,1067,0.038425492033739454,104,1067,0.09746954076850985,10,1067,0.00937207122774133,0.3716814159292035
98903,42.68,1983.0125,2010.3648648648648,2010.567901234568,10.4875,6.533783783783784,36.45161290322581,21.0,38.0,3,26.0,0.0,81.0,25,81,0.30864197530864196,36,81,0.4444444444444444,5,81,0.06172839506172839,0.0707964601769911
98908,42.61635220125786,1980.5632911392406,2008.8110749185669,2009.139318885449,10.032298136645963,5.443081761006289,34.57446808510638,57.0,99.0,25,93.0,0.0,325.0,32,325,0.09846153846153846,61,325,0.18769230769230769,6,325,0.018461538461538463,0.079646017699115
98909,39.4,1966.6,2006.8,2004.75,13.8,2.6,8.666666666666666,0.0,1.0,0,0.0,0.0,5.0,4,5,0.8,5,5,1.0,3,5,0.6,0.0088495575221238
98922,43.333333333333336,1975.5964912280701,2006.4901960784314,2007.9285714285713,11.194736842105264,5.738596491228071,32.69090909090909,6.0,7.0,3,21.0,0.0,57.0,18,57,0.3157894736842105,18,57,0.3157894736842105,4,57,0.07017543859649122,0.0176991150442477
98926,41.25735294117647,1979.6801470588234,2010.7015503875969,2011.6066176470588,7.855636363636364,3.987732342007435,33.35510204081633,53.0,55.0,6,73.0,0.0,277.0,31,277,0.11191335740072202,65,277,0.23465703971119134,7,277,0.02527075812274368,0.079646017699115
98930,38.793103448275865,1981.1612903225807,2010.2372881355932,2011.1451612903227,7.661290322580645,4.983333333333333,31.58,13.0,46.0,7,21.0,0.0,62.0,15,62,0.24193548387096775,23,62,0.3709677419354839,4,62,0.06451612903225806,0.0088495575221238
98937,44.666666666666664,1982.0,2016.6666666666667,2016.6666666666667,4.666666666666667,2.6666666666666665,29.333333333333332,0.0,1.0,1,1.0,0.0,3.0,3,3,1.0,3,3,1.0,1,3,0.3333333333333333,0.0088495575221238
98944,41.33505154639175,1981.6934673366834,2009.1822916666667,2010.025,9.159090909090908,6.049738219895288,37.39349112426036,54.0,125.0,25,62.0,0.0,202.0,30,202,0.1485148514851485,54,202,0.26732673267326734,5,202,0.024752475247524754,0.1415929203539823
98948,41.00709219858156,1981.340425531915,2009.6259541984732,2009.8951048951049,8.774125874125874,4.5113475177304965,35.11904761904762,33.0,71.0,16,48.0,0.0,144.0,26,144,0.18055555555555555,37,144,0.2569444444444444,5,144,0.034722222222222224,0.0176991150442477
98951,37.5,1982.5833333333333,2008.3636363636363,2008.5833333333333,10.545454545454545,5.791666666666667,28.5,2.0,8.0,1,2.0,0.0,12.0,6,12,0.5,7,12,0.5833333333333334,3,12,0.25,0.0088495575221238
98952,10.0,1983.0,2015.0,2015.0,1.0,0.0,40.0,0.0,2.0,0,2.0,0.0,2.0,2,2,1.0,1,2,0.5,1,2,0.5,0.0088495575221238
99003,41.333333333333336,1971.1,1994.7,1994.7,10.4,7.7,22.525,5.0,1.0,0,1.0,0.0,10.0,5,10,0.5,4,10,0.4,1,10,0.1,0.0088495575221238
99004,43.59055118110236,1980.1171875,2009.079365079365,2010.296,8.657692307692308,5.672093023255814,31.324074074074073,17.0,28.0,3,33.0,1.0,130.0,25,130,0.19230769230769232,36,130,0.27692307692307694,4,130,0.03076923076923077,0.0088495575221238
99006,43.810810810810814,1979.2739726027398,2007.9666666666667,2009.4594594594594,10.317567567567568,4.601351351351352,36.710144927536234,13.0,13.0,3,21.0,0.0,74.0,21,74,0.28378378378378377,31,74,0.4189189189189189,3,74,0.04054054054054054,0.0265486725663716
99016,40.94444444444444,1981.967032967033,2009.4,2009.8651685393259,8.653846153846153,4.975824175824176,34.792857142857144,26.0,23.0,4,27.0,0.0,90.0,18,91,0.1978021978021978,28,91,0.3076923076923077,6,91,0.06593406593406594,0.0088495575221238
99019,44.0635838150289,1979.4114285714286,2008.8024691358025,2009.0224719101125,8.631073446327683,5.826045197740113,34.09146341463415,50.0,22.0,7,52.0,0.0,180.0,27,180,0.15,37,180,0.20555555555555555,5,180,0.027777777777777776,0.0353982300884955
99021,41.794117647058826,1977.388888888889,2006.7222222222222,2006.138888888889,10.683333333333334,4.363888888888889,35.5,6.0,1.0,3,8.0,0.0,36.0,13,36,0.3611111111111111,15,36,0.4166666666666667,4,36,0.1111111111111111,0.0088495575221238
99022,43.806603773584904,1976.87922705314,2007.6568627450981,2008.892523364486,9.897196261682243,5.510194174757281,45.178378378378376,45.0,27.0,5,67.0,1.0,215.0,27,215,0.12558139534883722,45,215,0.20930232558139536,8,215,0.037209302325581395,0.0353982300884955
99037,40.84615384615385,1980.2903225806451,2008.7752808988764,2009.608695652174,8.857142857142858,4.575,29.60843373493976,25.0,14.0,3,24.0,0.0,93.0,22,93,0.23655913978494625,29,93,0.3118279569892473,8,93,0.08602150537634409,0.0088495575221238
99111,42.11702127659574,1982.9139784946237,2011.876404494382,2011.4148936170213,8.126344086021506,5.470744680851064,31.03409090909091,27.0,14.0,1,25.0,0.0,95.0,20,95,0.21052631578947367,23,95,0.24210526315789474,3,95,0.031578947368421054,0.0088495575221238
99114,43.455,1974.878048780488,2006.859296482412,2006.0098039215686,11.473300970873787,7.171219512195122,30.645251396648046,48.0,23.0,12,73.0,0.0,207.0,30,207,0.14492753623188406,43,207,0.20772946859903382,6,207,0.028985507246376812,0.0442477876106194
99122,43.57377049180328,1975.4166666666667,2005.111111111111,2004.983606557377,12.950819672131148,6.368852459016393,37.490196078431374,12.0,10.0,2,17.0,1.0,60.0,18,61,0.29508196721311475,20,61,0.32786885245901637,3,61,0.04918032786885246,0.0088495575221238
99133,39.125,1980.2424242424242,2008.8125,2009.1818181818182,10.181818181818182,7.53125,41.63793103448276,7.0,5.0,2,7.0,0.0,33.0,11,33,0.3333333333333333,13,33,0.3939393939393939,4,33,0.12121212121212122,0.0088495575221238
99156,42.72222222222222,1977.4225352112676,2009.3076923076924,2010.32,8.819444444444445,5.515151515151516,29.6875,22.0,5.0,9,15.0,0.0,76.0,23,76,0.3026315789473684,28,76,0.3684210526315789,4,76,0.05263157894736842,0.0176991150442477
99163,42.87697160883281,1980.943217665615,2009.711475409836,2010.809375,7.483385579937304,5.27120253164557,31.583946488294316,106.0,44.0,13,90.0,0.0,322.0,34,322,0.10559006211180125,83,322,0.2577639751552795,11,322,0.034161490683229816,0.0353982300884955
99169,40.3125,1980.5,2010.5,2008.625,9.6625,5.6625,37.07142857142857,2.0,3.0,2,4.0,0.0,16.0,10,16,0.625,9,16,0.5625,1,16,0.0625,0.0176991150442477
99201,44.89857369255151,1977.7551669316376,2008.7138263665595,2010.2914012738854,10.016535433070866,4.861655405405405,29.64496527777778,130.0,65.0,32,163.0,1.0,640.0,39,640,0.0609375,88,640,0.1375,10,640,0.015625,0.415929203539823
99202,43.133200795228625,1978.9511952191235,2009.2728215767636,2010.0327706057597,8.971585244267198,5.278369565217392,30.26025581395349,216.0,135.0,52,247.0,4.0,1018.0,42,1019,0.04121687929342493,113,1019,0.11089303238469088,10,1019,0.009813542688910697,0.1415929203539823
99203,41.69615384615385,1980.1245136186772,2009.9754098360656,2009.9153846153847,8.686153846153847,5.255984555984556,35.21513944223108,50.0,31.0,8,57.0,2.0,261.0,30,261,0.11494252873563218,47,261,0.18007662835249041,7,261,0.02681992337164751,0.0442477876106194
99204,43.32045654082528,1980.3027121609798,2009.509383378016,2010.0060816681146,8.952262837249782,5.5201159678858165,39.72736220472441,259.0,162.0,54,328.0,0.0,1159.0,39,1159,0.03364969801553063,85,1159,0.07333908541846419,12,1159,0.010353753235547885,0.2389380530973451
99205,43.67110266159696,1977.054820415879,2007.7808219178082,2007.8030018761726,10.895833333333334,6.563358778625954,31.644654088050313,134.0,75.0,31,145.0,0.0,534.0,38,535,0.07102803738317758,96,535,0.17943925233644858,10,535,0.018691588785046728,0.1415929203539823
99206,43.32084309133489,1976.8544600938967,2007.0953545232273,2008.1,11.335081585081586,6.4756038647343,30.278350515463917,138.0,58.0,23,113.0,0.0,433.0,32,433,0.07390300230946882,70,433,0.16166281755196305,10,433,0.023094688221709007,0.0619469026548672
99207,42.167272727272724,1979.6861313868612,2008.015037593985,2009.391304347826,9.46797153024911,5.265342960288809,39.927038626609445,62.0,44.0,18,71.0,1.0,282.0,36,282,0.1276595744680851,71,282,0.25177304964539005,8,282,0.028368794326241134,0.0884955752212389
99208,42.880640465793306,1980.376811594203,2009.4188163884673,2009.7507204610952,9.616212338593975,5.925148809523809,35.5248,139.0,100.0,33,184.0,3.0,703.0,36,704,0.05113636363636364,91,704,0.12926136363636365,12,704,0.017045454545454544,0.1238938053097345
99212,43.65495867768595,1978.122950819672,2008.813852813853,2009.388429752066,9.845934959349593,4.77635593220339,31.126190476190477,52.0,35.0,12,62.0,0.0,247.0,31,247,0.12550607287449392,54,247,0.21862348178137653,9,247,0.03643724696356275,0.0707964601769911
99216,42.79462875197472,1979.903125,2009.7394136807818,2010.1809672386896,8.237187500000001,4.4867762128325515,35.47276707530648,154.0,101.0,23,196.0,2.0,646.0,38,646,0.058823529411764705,83,646,0.12848297213622292,10,646,0.015479876160990712,0.2123893805309734
99217,45.51851851851852,1976.8375,2008.595238095238,2012.121951219512,8.481927710843374,6.406779661016949,29.112676056338028,11.0,11.0,7,18.0,0.0,84.0,22,84,0.2619047619047619,35,84,0.4166666666666667,7,84,0.08333333333333333,0.0088495575221238
99218,42.51938775510204,1980.428861788618,2009.0231578947369,2009.2057026476577,9.488798370672098,4.882617586912065,34.028888888888886,103.0,63.0,12,144.0,2.0,495.0,37,496,0.07459677419354839,62,496,0.125,9,496,0.018145161290322582,0.2300884955752212
99220,41.416666666666664,1974.5833333333333,2002.4166666666667,2005.0,13.818181818181818,12.454545454545455,39.5,2.0,2.0,0,4.0,0.0,12.0,9,12,0.75,8,12,0.6666666666666666,2,12,0.16666666666666666,0.1238938053097345
99223,40.96496815286624,1980.0349206349206,2008.5227272727273,2008.9308176100628,9.96031746031746,5.125079365079365,32.78146853146853,79.0,54.0,11,94.0,0.0,319.0,33,319,0.10344827586206896,58,319,0.18181818181818182,9,319,0.02821316614420063,0.0530973451327433
99224,43.291666666666664,1981.198347107438,2010.8899082568807,2012.6341463414635,7.778499999999999,4.41009900990099,32.802830188679245,26.0,20.0,3,35.0,2.0,123.0,27,123,0.21951219512195122,40,123,0.3252032520325203,8,123,0.06504065040650407,0.0176991150442477
99301,43.25908902691511,1979.8989690721648,2009.0169491525423,2010.1710794297353,8.889227642276422,4.827484143763214,39.27303370786517,108.0,229.0,27,154.0,3.0,494.0,32,495,0.06464646464646465,78,495,0.15757575757575756,10,495,0.020202020202020204,0.1238938053097345
99324,39.24050632911393,1977.8765432098764,2007.9444444444443,2009.7215189873418,9.18125,4.457746478873239,28.13235294117647,17.0,21.0,4,26.0,0.0,82.0,27,82,0.32926829268292684,30,82,0.36585365853658536,3,82,0.036585365853658534,0.0353982300884955
99328,43.588235294117645,1965.5588235294117,2001.75,2000.0588235294117,13.285714285714286,4.314285714285714,27.366666666666667,12.0,7.0,0,12.0,0.0,35.0,14,35,0.4,17,35,0.4857142857142857,3,35,0.08571428571428572,0.0176991150442477
99336,42.503926701570684,1980.4505208333333,2009.389502762431,2009.9948387096774,9.461190168175937,4.934435261707989,33.34649122807018,147.0,282.0,63,241.0,1.0,781.0,42,782,0.05370843989769821,91,782,0.11636828644501279,9,782,0.011508951406649617,0.3539823008849557
99337,43.52127659574468,1982.2421052631578,2011.3478260869565,2013.0531914893618,6.6063829787234045,3.526521739130435,33.18674698795181,25.0,38.0,7,27.0,0.0,96.0,25,96,0.2604166666666667,32,96,0.3333333333333333,5,96,0.052083333333333336,0.0442477876106194
99338,42.417808219178085,1979.8211920529802,2009.111111111111,2008.6333333333334,9.622147651006712,5.378082191780822,36.46762589928058,48.0,44.0,11,59.0,0.0,151.0,24,151,0.15894039735099338,41,151,0.271523178807947,5,151,0.033112582781456956,0.0619469026548672
99347,46.611111111111114,1983.6470588235295,2012.611111111111,2010.7222222222222,7.833333333333333,6.823529411764706,35.23529411764706,2.0,1.0,0,9.0,0.0,18.0,7,18,0.3888888888888889,7,18,0.3888888888888889,1,18,0.05555555555555555,0.0088495575221238
99350,43.125,1978.5757575757575,2009.5869565217392,2008.8775510204082,9.404040404040405,4.75,36.08522727272727,17.0,58.0,6,38.0,0.0,100.0,23,100,0.23,30,100,0.3,4,100,0.04,0.0088495575221238
99352,42.95459132189708,1980.991008991009,2009.7645228215767,2010.2376237623762,8.648560079443893,5.570374115267947,34.88552631578947,246.0,296.0,33,326.0,6.0,1017.0,44,1018,0.043222003929273084,92,1018,0.09037328094302555,10,1018,0.009823182711198428,0.2389380530973451
99352-3514,52.0,1986.0,2018.0,2015.0,2.0,2.0,30.0,0.0,0.0,0,0.0,0.0,1.0,1,1,1.0,1,1,1.0,1,1,1.0,0.0707964601769911
99354,45.005181347150256,1980.1465968586388,2008.0748663101604,2009.6598984771574,9.25736040609137,5.323493975903615,33.036723163841806,45.0,45.0,9,63.0,0.0,198.0,32,198,0.16161616161616163,54,198,0.2727272727272727,8,198,0.04040404040404041,0.0442477876106194
99362,42.17107093184979,1979.0068306010928,2008.8092485549132,2009.198087431694,9.036720867208672,5.003098591549295,33.70139968895801,241.0,177.0,43,206.0,1.0,744.0,40,745,0.053691275167785234,101,745,0.13557046979865772,10,745,0.013422818791946308,0.0973451327433628
99403,43.4207650273224,1976.7988826815642,2007.835294117647,2008.5783783783784,9.451086956521738,6.622159090909091,32.24883116883117,99.0,27.0,14,40.0,2.0,185.0,26,185,0.14054054054054055,51,185,0.2756756756756757,6,185,0.032432432432432434,0.0265486725663716
99801,35.8,1977.75,2009.05,2007.8,2.5,4.95,10.923076923076923,18.0,5.0,0,9.0,0.0,20.0,8,20,0.4,14,20,0.7,2,20,0.1,0.0088495575221238
